[{"model": "admin.logentry", "pk": 1, "fields": {"action_time": "2021-01-27T16:48:40.782Z", "user": 1, "content_type": 6, "object_id": "2", "object_repr": "Salvatore", "action_flag": 1, "change_message": "[{\"added\": {}}]"}}, {"model": "admin.logentry", "pk": 2, "fields": {"action_time": "2021-01-27T16:48:57.714Z", "user": 1, "content_type": 6, "object_id": "2", "object_repr": "Salvatore", "action_flag": 2, "change_message": "[{\"changed\": {\"fields\": [\"Country\", \"Status\"]}}]"}}, {"model": "admin.logentry", "pk": 3, "fields": {"action_time": "2021-01-27T16:49:31.810Z", "user": 1, "content_type": 9, "object_id": "1", "object_repr": "Company object (1)", "action_flag": 1, "change_message": "[{\"added\": {}}]"}}, {"model": "admin.logentry", "pk": 4, "fields": {"action_time": "2021-01-27T16:50:06.299Z", "user": 1, "content_type": 9, "object_id": "2", "object_repr": "Company object (2)", "action_flag": 1, "change_message": "[{\"added\": {}}]"}}, {"model": "admin.logentry", "pk": 5, "fields": {"action_time": "2021-01-27T22:00:50.679Z", "user": 1, "content_type": 11, "object_id": "1", "object_repr": "Expertise: Javascript", "action_flag": 1, "change_message": "[{\"added\": {}}]"}}, {"model": "admin.logentry", "pk": 6, "fields": {"action_time": "2021-01-30T17:36:59.991Z", "user": 1, "content_type": 6, "object_id": "4", "object_repr": "Patrick", "action_flag": 1, "change_message": "[{\"added\": {}}]"}}, {"model": "admin.logentry", "pk": 7, "fields": {"action_time": "2021-01-30T17:39:44.792Z", "user": 1, "content_type": 6, "object_id": "5", "object_repr": "Michelle", "action_flag": 1, "change_message": "[{\"added\": {}}]"}}, {"model": "admin.logentry", "pk": 8, "fields": {"action_time": "2021-01-30T17:40:22.670Z", "user": 1, "content_type": 6, "object_id": "6", "object_repr": "Marco", "action_flag": 1, "change_message": "[{\"added\": {}}]"}}, {"model": "admin.logentry", "pk": 9, "fields": {"action_time": "2021-01-30T17:40:52.910Z", "user": 1, "content_type": 6, "object_id": "7", "object_repr": "Immanuel", "action_flag": 1, "change_message": "[{\"added\": {}}]"}}, {"model": "admin.logentry", "pk": 10, "fields": {"action_time": "2021-01-30T17:43:57.549Z", "user": 1, "content_type": 6, "object_id": "8", "object_repr": "Michal", "action_flag": 1, "change_message": "[{\"added\": {}}]"}}, {"model": "admin.logentry", "pk": 11, "fields": {"action_time": "2021-01-30T17:45:25.332Z", "user": 1, "content_type": 6, "object_id": "7", "object_repr": "Immanuel", "action_flag": 2, "change_message": "[{\"changed\": {\"fields\": [\"Country\", \"City\", \"Zip code\", \"Street\", \"About\", \"Profile picture\", \"Gitlabe profile\", \"Status\"]}}]"}}, {"model": "admin.logentry", "pk": 12, "fields": {"action_time": "2021-01-30T17:47:31.697Z", "user": 1, "content_type": 6, "object_id": "6", "object_repr": "Marco", "action_flag": 2, "change_message": "[{\"changed\": {\"fields\": [\"Country\", \"City\", \"Zip code\", \"Street\", \"About\", \"Gitlabe profile\", \"Status\"]}}]"}}, {"model": "admin.logentry", "pk": 13, "fields": {"action_time": "2021-01-30T17:48:17.238Z", "user": 1, "content_type": 6, "object_id": "1", "object_repr": "Michaela", "action_flag": 2, "change_message": "[{\"changed\": {\"fields\": [\"Country\", \"City\", \"Zip code\", \"Street\", \"Profile picture\", \"Gitlabe profile\", \"Status\"]}}]"}}, {"model": "admin.logentry", "pk": 14, "fields": {"action_time": "2021-01-30T17:49:27.307Z", "user": 1, "content_type": 6, "object_id": "8", "object_repr": "Michal", "action_flag": 2, "change_message": "[{\"changed\": {\"fields\": [\"Country\", \"City\", \"Zip code\", \"Street\", \"About\", \"Gitlabe profile\"]}}]"}}, {"model": "admin.logentry", "pk": 15, "fields": {"action_time": "2021-01-30T17:49:34.174Z", "user": 1, "content_type": 6, "object_id": "8", "object_repr": "Michal", "action_flag": 2, "change_message": "[{\"changed\": {\"fields\": [\"Status\"]}}]"}}, {"model": "admin.logentry", "pk": 16, "fields": {"action_time": "2021-01-30T17:50:42.090Z", "user": 1, "content_type": 6, "object_id": "5", "object_repr": "Michelle", "action_flag": 2, "change_message": "[{\"changed\": {\"fields\": [\"Country\", \"City\", \"Zip code\", \"Street\", \"About\", \"Profile picture\", \"Gitlabe profile\", \"Status\"]}}]"}}, {"model": "admin.logentry", "pk": 17, "fields": {"action_time": "2021-01-30T17:51:01.304Z", "user": 1, "content_type": 6, "object_id": "4", "object_repr": "Patrick", "action_flag": 2, "change_message": "[{\"changed\": {\"fields\": [\"Country\", \"City\", \"Zip code\", \"Street\", \"Gitlabe profile\", \"Status\"]}}]"}}, {"model": "admin.logentry", "pk": 18, "fields": {"action_time": "2021-01-30T17:51:37.516Z", "user": 1, "content_type": 6, "object_id": "3", "object_repr": "Salomon", "action_flag": 2, "change_message": "[{\"changed\": {\"fields\": [\"Country\", \"City\", \"Zip code\", \"Street\", \"About\", \"Profile picture\", \"Gitlabe profile\", \"Status\"]}}]"}}, {"model": "admin.logentry", "pk": 19, "fields": {"action_time": "2021-01-30T17:52:26.626Z", "user": 1, "content_type": 6, "object_id": "2", "object_repr": "Salvatore", "action_flag": 2, "change_message": "[{\"changed\": {\"fields\": [\"Country\", \"City\", \"Zip code\", \"Street\", \"About\", \"Gitlabe profile\", \"Status\"]}}]"}}, {"model": "admin.logentry", "pk": 20, "fields": {"action_time": "2021-01-30T17:53:36.687Z", "user": 1, "content_type": 6, "object_id": "9", "object_repr": "Hugo", "action_flag": 1, "change_message": "[{\"added\": {}}]"}}, {"model": "admin.logentry", "pk": 21, "fields": {"action_time": "2021-01-30T17:54:14.642Z", "user": 1, "content_type": 6, "object_id": "9", "object_repr": "Hugo", "action_flag": 2, "change_message": "[{\"changed\": {\"fields\": [\"Country\", \"City\", \"Zip code\", \"Street\", \"About\", \"Gitlabe profile\"]}}]"}}, {"model": "admin.logentry", "pk": 22, "fields": {"action_time": "2021-01-30T17:55:45.894Z", "user": 1, "content_type": 6, "object_id": "10", "object_repr": "Guillame", "action_flag": 1, "change_message": "[{\"added\": {}}]"}}, {"model": "admin.logentry", "pk": 23, "fields": {"action_time": "2021-01-30T17:56:25.371Z", "user": 1, "content_type": 6, "object_id": "11", "object_repr": "Ruben", "action_flag": 1, "change_message": "[{\"added\": {}}]"}}, {"model": "admin.logentry", "pk": 24, "fields": {"action_time": "2021-01-30T17:56:56.496Z", "user": 1, "content_type": 6, "object_id": "11", "object_repr": "Ruben", "action_flag": 2, "change_message": "[{\"changed\": {\"fields\": [\"Country\", \"City\", \"Zip code\", \"Street\", \"About\", \"Profile picture\", \"Gitlabe profile\"]}}]"}}, {"model": "admin.logentry", "pk": 25, "fields": {"action_time": "2021-01-30T17:58:08.361Z", "user": 1, "content_type": 6, "object_id": "10", "object_repr": "Guillame", "action_flag": 2, "change_message": "[{\"changed\": {\"fields\": [\"Country\", \"City\", \"Zip code\", \"Street\", \"About\"]}}]"}}, {"model": "admin.logentry", "pk": 26, "fields": {"action_time": "2021-01-30T17:58:52.470Z", "user": 1, "content_type": 7, "object_id": "1", "object_repr": "Full Stack bootcamp 14", "action_flag": 1, "change_message": "[{\"added\": {}}]"}}, {"model": "admin.logentry", "pk": 27, "fields": {"action_time": "2021-01-30T17:59:05.104Z", "user": 1, "content_type": 7, "object_id": "2", "object_repr": "Data Science 14", "action_flag": 1, "change_message": "[{\"added\": {}}]"}}, {"model": "admin.logentry", "pk": 28, "fields": {"action_time": "2021-01-30T17:59:41.991Z", "user": 1, "content_type": 11, "object_id": "4", "object_repr": "Expertise: python", "action_flag": 1, "change_message": "[{\"added\": {}}]"}}, {"model": "admin.logentry", "pk": 29, "fields": {"action_time": "2021-01-30T18:00:08.011Z", "user": 1, "content_type": 11, "object_id": "5", "object_repr": "Expertise: sass", "action_flag": 1, "change_message": "[{\"added\": {}}]"}}, {"model": "admin.logentry", "pk": 30, "fields": {"action_time": "2021-01-30T18:00:31.591Z", "user": 1, "content_type": 11, "object_id": "6", "object_repr": "Expertise: html", "action_flag": 1, "change_message": "[{\"added\": {}}]"}}, {"model": "admin.logentry", "pk": 31, "fields": {"action_time": "2021-01-30T18:01:13.353Z", "user": 1, "content_type": 3, "object_id": "1", "object_repr": "Full Stack bootcamp 14", "action_flag": 1, "change_message": "[{\"added\": {}}]"}}, {"model": "admin.logentry", "pk": 32, "fields": {"action_time": "2021-01-30T18:02:05.703Z", "user": 1, "content_type": 6, "object_id": "10", "object_repr": "Guillame", "action_flag": 2, "change_message": "[]"}}, {"model": "admin.logentry", "pk": 33, "fields": {"action_time": "2021-01-30T18:02:22.175Z", "user": 1, "content_type": 6, "object_id": "10", "object_repr": "Guillame", "action_flag": 2, "change_message": "[]"}}, {"model": "admin.logentry", "pk": 34, "fields": {"action_time": "2021-01-30T18:02:33.321Z", "user": 1, "content_type": 6, "object_id": "7", "object_repr": "Immanuel", "action_flag": 2, "change_message": "[{\"changed\": {\"fields\": [\"Groups\"]}}]"}}, {"model": "admin.logentry", "pk": 35, "fields": {"action_time": "2021-01-30T18:02:40.907Z", "user": 1, "content_type": 6, "object_id": "6", "object_repr": "Marco", "action_flag": 2, "change_message": "[{\"changed\": {\"fields\": [\"Groups\"]}}]"}}, {"model": "admin.logentry", "pk": 36, "fields": {"action_time": "2021-01-30T18:02:52.186Z", "user": 1, "content_type": 6, "object_id": "8", "object_repr": "Michal", "action_flag": 2, "change_message": "[{\"changed\": {\"fields\": [\"Groups\"]}}]"}}, {"model": "admin.logentry", "pk": 37, "fields": {"action_time": "2021-01-30T18:03:03.115Z", "user": 1, "content_type": 6, "object_id": "5", "object_repr": "Michelle", "action_flag": 2, "change_message": "[{\"changed\": {\"fields\": [\"Groups\"]}}]"}}, {"model": "admin.logentry", "pk": 38, "fields": {"action_time": "2021-01-30T18:03:11.458Z", "user": 1, "content_type": 6, "object_id": "5", "object_repr": "Michelle", "action_flag": 2, "change_message": "[]"}}, {"model": "admin.logentry", "pk": 39, "fields": {"action_time": "2021-01-30T18:03:17.612Z", "user": 1, "content_type": 6, "object_id": "4", "object_repr": "Patrick", "action_flag": 2, "change_message": "[{\"changed\": {\"fields\": [\"Groups\"]}}]"}}, {"model": "admin.logentry", "pk": 40, "fields": {"action_time": "2021-01-30T18:03:26.802Z", "user": 1, "content_type": 6, "object_id": "3", "object_repr": "Salomon", "action_flag": 2, "change_message": "[{\"changed\": {\"fields\": [\"Groups\"]}}]"}}, {"model": "admin.logentry", "pk": 41, "fields": {"action_time": "2021-01-30T18:03:33.108Z", "user": 1, "content_type": 6, "object_id": "2", "object_repr": "Salvatore", "action_flag": 2, "change_message": "[{\"changed\": {\"fields\": [\"Groups\"]}}]"}}, {"model": "admin.logentry", "pk": 42, "fields": {"action_time": "2021-01-30T18:04:58.609Z", "user": 1, "content_type": 14, "object_id": "1", "object_repr": "90", "action_flag": 1, "change_message": "[{\"added\": {}}]"}}, {"model": "admin.logentry", "pk": 43, "fields": {"action_time": "2021-01-30T18:05:32.466Z", "user": 1, "content_type": 14, "object_id": "2", "object_repr": "20", "action_flag": 1, "change_message": "[{\"added\": {}}]"}}, {"model": "admin.logentry", "pk": 44, "fields": {"action_time": "2021-01-30T18:06:03.372Z", "user": 1, "content_type": 14, "object_id": "3", "object_repr": "70", "action_flag": 1, "change_message": "[{\"added\": {}}]"}}, {"model": "admin.logentry", "pk": 45, "fields": {"action_time": "2021-01-30T18:06:26.091Z", "user": 1, "content_type": 14, "object_id": "4", "object_repr": "40", "action_flag": 1, "change_message": "[{\"added\": {}}]"}}, {"model": "admin.logentry", "pk": 46, "fields": {"action_time": "2021-01-30T18:07:11.709Z", "user": 1, "content_type": 14, "object_id": "4", "object_repr": "40", "action_flag": 2, "change_message": "[]"}}, {"model": "admin.logentry", "pk": 47, "fields": {"action_time": "2021-01-30T18:53:41.738Z", "user": 1, "content_type": 6, "object_id": "1", "object_repr": "Michaela", "action_flag": 2, "change_message": "[{\"changed\": {\"fields\": [\"Profile picture\"]}}]"}}, {"model": "admin.logentry", "pk": 80, "fields": {"action_time": "2021-01-31T10:59:08.629Z", "user": 1, "content_type": 6, "object_id": "1", "object_repr": "Michaela", "action_flag": 2, "change_message": "[{\"changed\": {\"fields\": [\"About\"]}}]"}}, {"model": "admin.logentry", "pk": 81, "fields": {"action_time": "2021-01-31T11:39:00.941Z", "user": 1, "content_type": 11, "object_id": "6", "object_repr": "Expertise: html", "action_flag": 2, "change_message": "[{\"changed\": {\"fields\": [\"User\"]}}]"}}, {"model": "admin.logentry", "pk": 82, "fields": {"action_time": "2021-01-31T11:39:05.447Z", "user": 1, "content_type": 11, "object_id": "5", "object_repr": "Expertise: sass", "action_flag": 2, "change_message": "[{\"changed\": {\"fields\": [\"User\"]}}]"}}, {"model": "admin.logentry", "pk": 83, "fields": {"action_time": "2021-01-31T11:39:10.636Z", "user": 1, "content_type": 11, "object_id": "4", "object_repr": "Expertise: python", "action_flag": 2, "change_message": "[{\"changed\": {\"fields\": [\"User\"]}}]"}}, {"model": "admin.logentry", "pk": 84, "fields": {"action_time": "2021-01-31T11:39:15.023Z", "user": 1, "content_type": 11, "object_id": "3", "object_repr": "Expertise: django", "action_flag": 2, "change_message": "[{\"changed\": {\"fields\": [\"User\"]}}]"}}, {"model": "admin.logentry", "pk": 85, "fields": {"action_time": "2021-01-31T11:39:18.388Z", "user": 1, "content_type": 11, "object_id": "1", "object_repr": "Expertise: Javascript", "action_flag": 2, "change_message": "[]"}}, {"model": "admin.logentry", "pk": 86, "fields": {"action_time": "2021-01-31T13:34:15.514Z", "user": 1, "content_type": 11, "object_id": "7", "object_repr": "Expertise: git", "action_flag": 1, "change_message": "[{\"added\": {}}]"}}, {"model": "admin.logentry", "pk": 87, "fields": {"action_time": "2021-01-31T13:34:46.931Z", "user": 1, "content_type": 11, "object_id": "8", "object_repr": "Expertise: react", "action_flag": 1, "change_message": "[{\"added\": {}}]"}}, {"model": "admin.logentry", "pk": 88, "fields": {"action_time": "2021-01-31T13:35:03.700Z", "user": 1, "content_type": 11, "object_id": "9", "object_repr": "Expertise: node", "action_flag": 1, "change_message": "[{\"added\": {}}]"}}, {"model": "admin.logentry", "pk": 89, "fields": {"action_time": "2021-01-31T13:35:20.904Z", "user": 1, "content_type": 11, "object_id": "10", "object_repr": "Expertise: docker", "action_flag": 1, "change_message": "[{\"added\": {}}]"}}, {"model": "admin.logentry", "pk": 90, "fields": {"action_time": "2021-02-01T16:29:49.001Z", "user": 1, "content_type": 14, "object_id": "5", "object_repr": "10", "action_flag": 1, "change_message": "[{\"added\": {}}]"}}, {"model": "admin.logentry", "pk": 91, "fields": {"action_time": "2021-02-01T16:30:13.887Z", "user": 1, "content_type": 14, "object_id": "6", "object_repr": "30", "action_flag": 1, "change_message": "[{\"added\": {}}]"}}, {"model": "admin.logentry", "pk": 92, "fields": {"action_time": "2021-02-01T16:31:02.696Z", "user": 1, "content_type": 14, "object_id": "7", "object_repr": "100", "action_flag": 1, "change_message": "[{\"added\": {}}]"}}, {"model": "admin.logentry", "pk": 93, "fields": {"action_time": "2021-02-01T16:31:26.286Z", "user": 1, "content_type": 14, "object_id": "7", "object_repr": "100", "action_flag": 2, "change_message": "[{\"changed\": {\"fields\": [\"Student\"]}}]"}}, {"model": "admin.logentry", "pk": 94, "fields": {"action_time": "2021-02-01T18:28:33.539Z", "user": 1, "content_type": 14, "object_id": "7", "object_repr": "100", "action_flag": 3, "change_message": ""}}, {"model": "admin.logentry", "pk": 95, "fields": {"action_time": "2021-02-01T18:28:46.424Z", "user": 1, "content_type": 14, "object_id": "5", "object_repr": "10", "action_flag": 3, "change_message": ""}}, {"model": "admin.logentry", "pk": 96, "fields": {"action_time": "2021-02-01T18:28:46.430Z", "user": 1, "content_type": 14, "object_id": "4", "object_repr": "40", "action_flag": 3, "change_message": ""}}, {"model": "admin.logentry", "pk": 97, "fields": {"action_time": "2021-02-01T18:28:46.432Z", "user": 1, "content_type": 14, "object_id": "3", "object_repr": "70", "action_flag": 3, "change_message": ""}}, {"model": "admin.logentry", "pk": 98, "fields": {"action_time": "2021-02-01T18:28:46.434Z", "user": 1, "content_type": 14, "object_id": "2", "object_repr": "20", "action_flag": 3, "change_message": ""}}, {"model": "admin.logentry", "pk": 99, "fields": {"action_time": "2021-02-01T18:28:46.437Z", "user": 1, "content_type": 14, "object_id": "1", "object_repr": "90", "action_flag": 3, "change_message": ""}}, {"model": "admin.logentry", "pk": 100, "fields": {"action_time": "2021-02-01T18:28:52.745Z", "user": 1, "content_type": 14, "object_id": "6", "object_repr": "30", "action_flag": 2, "change_message": "[]"}}, {"model": "admin.logentry", "pk": 101, "fields": {"action_time": "2021-02-01T18:29:06.765Z", "user": 1, "content_type": 14, "object_id": "8", "object_repr": "70", "action_flag": 1, "change_message": "[{\"added\": {}}]"}}, {"model": "admin.logentry", "pk": 102, "fields": {"action_time": "2021-02-01T18:29:20.311Z", "user": 1, "content_type": 14, "object_id": "9", "object_repr": "29", "action_flag": 1, "change_message": "[{\"added\": {}}]"}}, {"model": "admin.logentry", "pk": 103, "fields": {"action_time": "2021-02-01T18:30:17.177Z", "user": 1, "content_type": 14, "object_id": "10", "object_repr": "20", "action_flag": 1, "change_message": "[{\"added\": {}}]"}}, {"model": "admin.logentry", "pk": 104, "fields": {"action_time": "2021-02-01T18:44:47.200Z", "user": 1, "content_type": 14, "object_id": "10", "object_repr": "20", "action_flag": 3, "change_message": ""}}, {"model": "admin.logentry", "pk": 105, "fields": {"action_time": "2021-02-01T18:44:54.972Z", "user": 1, "content_type": 14, "object_id": "8", "object_repr": "70", "action_flag": 3, "change_message": ""}}, {"model": "admin.logentry", "pk": 106, "fields": {"action_time": "2021-02-01T18:45:14.273Z", "user": 1, "content_type": 14, "object_id": "11", "object_repr": "90", "action_flag": 1, "change_message": "[{\"added\": {}}]"}}, {"model": "admin.logentry", "pk": 107, "fields": {"action_time": "2021-02-01T18:45:32.826Z", "user": 1, "content_type": 14, "object_id": "12", "object_repr": "80", "action_flag": 1, "change_message": "[{\"added\": {}}]"}}, {"model": "admin.logentry", "pk": 108, "fields": {"action_time": "2021-02-01T18:45:58.111Z", "user": 1, "content_type": 14, "object_id": "13", "object_repr": "70", "action_flag": 1, "change_message": "[{\"added\": {}}]"}}, {"model": "admin.logentry", "pk": 109, "fields": {"action_time": "2021-02-01T18:46:17.846Z", "user": 1, "content_type": 14, "object_id": "14", "object_repr": "50", "action_flag": 1, "change_message": "[{\"added\": {}}]"}}, {"model": "admin.logentry", "pk": 110, "fields": {"action_time": "2021-02-01T18:46:39.178Z", "user": 1, "content_type": 14, "object_id": "15", "object_repr": "81", "action_flag": 1, "change_message": "[{\"added\": {}}]"}}, {"model": "admin.logentry", "pk": 111, "fields": {"action_time": "2021-02-03T15:03:19.312Z", "user": 1, "content_type": 6, "object_id": "6", "object_repr": "Marco", "action_flag": 2, "change_message": "[{\"changed\": {\"fields\": [\"Program\"]}}]"}}, {"model": "admin.logentry", "pk": 112, "fields": {"action_time": "2021-02-03T15:07:24.898Z", "user": 1, "content_type": 6, "object_id": "7", "object_repr": "Immanuel", "action_flag": 2, "change_message": "[{\"changed\": {\"fields\": [\"Program\"]}}]"}}, {"model": "admin.logentry", "pk": 113, "fields": {"action_time": "2021-02-03T15:19:14.687Z", "user": 1, "content_type": 12, "object_id": "1", "object_repr": "Week1", "action_flag": 1, "change_message": "[{\"added\": {}}]"}}, {"model": "admin.logentry", "pk": 114, "fields": {"action_time": "2021-02-03T15:38:47.648Z", "user": 1, "content_type": 8, "object_id": "1", "object_repr": "Html", "action_flag": 1, "change_message": "[{\"added\": {}}]"}}, {"model": "admin.logentry", "pk": 115, "fields": {"action_time": "2021-02-03T15:39:10.160Z", "user": 1, "content_type": 8, "object_id": "2", "object_repr": "Sass", "action_flag": 1, "change_message": "[{\"added\": {}}]"}}, {"model": "admin.logentry", "pk": 116, "fields": {"action_time": "2021-02-03T15:40:06.639Z", "user": 1, "content_type": 8, "object_id": "3", "object_repr": "React", "action_flag": 1, "change_message": "[{\"added\": {}}]"}}, {"model": "admin.logentry", "pk": 117, "fields": {"action_time": "2021-02-03T15:40:27.502Z", "user": 1, "content_type": 8, "object_id": "4", "object_repr": "python", "action_flag": 1, "change_message": "[{\"added\": {}}]"}}, {"model": "admin.logentry", "pk": 118, "fields": {"action_time": "2021-02-03T17:08:53.164Z", "user": 1, "content_type": 14, "object_id": "15", "object_repr": "81", "action_flag": 2, "change_message": "[{\"changed\": {\"fields\": [\"Lecture\"]}}]"}}, {"model": "admin.logentry", "pk": 119, "fields": {"action_time": "2021-02-03T17:13:06.308Z", "user": 1, "content_type": 14, "object_id": "9", "object_repr": "29", "action_flag": 2, "change_message": "[{\"changed\": {\"fields\": [\"Lecture\"]}}]"}}, {"model": "admin.logentry", "pk": 120, "fields": {"action_time": "2021-02-03T17:13:12.817Z", "user": 1, "content_type": 14, "object_id": "11", "object_repr": "90", "action_flag": 2, "change_message": "[{\"changed\": {\"fields\": [\"Lecture\"]}}]"}}, {"model": "admin.logentry", "pk": 121, "fields": {"action_time": "2021-02-03T23:03:31.645Z", "user": 1, "content_type": 12, "object_id": "2", "object_repr": "week 2", "action_flag": 1, "change_message": "[{\"added\": {}}]"}}, {"model": "admin.logentry", "pk": 122, "fields": {"action_time": "2021-02-03T23:04:03.665Z", "user": 1, "content_type": 8, "object_id": "5", "object_repr": "Wolf 3D", "action_flag": 1, "change_message": "[{\"added\": {}}]"}}, {"model": "admin.logentry", "pk": 123, "fields": {"action_time": "2021-02-04T12:30:21.599Z", "user": 1, "content_type": 6, "object_id": "2", "object_repr": "Salvatore", "action_flag": 2, "change_message": "[{\"changed\": {\"fields\": [\"Program\"]}}]"}}, {"model": "admin.logentry", "pk": 124, "fields": {"action_time": "2021-02-04T12:30:48.085Z", "user": 1, "content_type": 14, "object_id": "15", "object_repr": "12", "action_flag": 2, "change_message": "[{\"changed\": {\"fields\": [\"Grade\"]}}]"}}, {"model": "admin.logentry", "pk": 125, "fields": {"action_time": "2021-02-04T12:31:15.597Z", "user": 1, "content_type": 14, "object_id": "16", "object_repr": "15", "action_flag": 1, "change_message": "[{\"added\": {}}]"}}, {"model": "admin.logentry", "pk": 126, "fields": {"action_time": "2021-02-04T12:31:51.438Z", "user": 1, "content_type": 14, "object_id": "17", "object_repr": "1", "action_flag": 1, "change_message": "[{\"added\": {}}]"}}, {"model": "admin.logentry", "pk": 127, "fields": {"action_time": "2021-02-04T12:32:24.611Z", "user": 1, "content_type": 14, "object_id": "18", "object_repr": "2", "action_flag": 1, "change_message": "[{\"added\": {}}]"}}, {"model": "admin.logentry", "pk": 128, "fields": {"action_time": "2021-02-04T12:32:58.596Z", "user": 1, "content_type": 14, "object_id": "19", "object_repr": "4", "action_flag": 1, "change_message": "[{\"added\": {}}]"}}, {"model": "admin.logentry", "pk": 129, "fields": {"action_time": "2021-02-04T12:33:52.852Z", "user": 1, "content_type": 14, "object_id": "20", "object_repr": "3", "action_flag": 1, "change_message": "[{\"added\": {}}]"}}, {"model": "admin.logentry", "pk": 130, "fields": {"action_time": "2021-02-04T12:34:09.614Z", "user": 1, "content_type": 14, "object_id": "21", "object_repr": "4", "action_flag": 1, "change_message": "[{\"added\": {}}]"}}, {"model": "admin.logentry", "pk": 131, "fields": {"action_time": "2021-02-04T12:34:57.882Z", "user": 1, "content_type": 14, "object_id": "22", "object_repr": "5", "action_flag": 1, "change_message": "[{\"added\": {}}]"}}, {"model": "admin.logentry", "pk": 132, "fields": {"action_time": "2021-02-04T12:35:16.124Z", "user": 1, "content_type": 14, "object_id": "23", "object_repr": "5", "action_flag": 1, "change_message": "[{\"added\": {}}]"}}, {"model": "admin.logentry", "pk": 133, "fields": {"action_time": "2021-02-04T12:35:48.883Z", "user": 1, "content_type": 14, "object_id": "24", "object_repr": "7", "action_flag": 1, "change_message": "[{\"added\": {}}]"}}, {"model": "admin.logentry", "pk": 134, "fields": {"action_time": "2021-02-04T12:36:30.299Z", "user": 1, "content_type": 14, "object_id": "24", "object_repr": "7", "action_flag": 2, "change_message": "[{\"changed\": {\"fields\": [\"Student\", \"Reviewer\"]}}]"}}, {"model": "admin.logentry", "pk": 135, "fields": {"action_time": "2021-02-04T12:37:16.458Z", "user": 1, "content_type": 14, "object_id": "25", "object_repr": "10", "action_flag": 1, "change_message": "[{\"added\": {}}]"}}, {"model": "admin.logentry", "pk": 136, "fields": {"action_time": "2021-02-04T12:38:09.693Z", "user": 1, "content_type": 14, "object_id": "26", "object_repr": "11", "action_flag": 1, "change_message": "[{\"added\": {}}]"}}, {"model": "admin.logentry", "pk": 137, "fields": {"action_time": "2021-02-04T12:38:36.999Z", "user": 1, "content_type": 14, "object_id": "27", "object_repr": "12", "action_flag": 1, "change_message": "[{\"added\": {}}]"}}, {"model": "admin.logentry", "pk": 138, "fields": {"action_time": "2021-02-04T12:39:27.841Z", "user": 1, "content_type": 14, "object_id": "28", "object_repr": "13", "action_flag": 1, "change_message": "[{\"added\": {}}]"}}, {"model": "admin.logentry", "pk": 139, "fields": {"action_time": "2021-02-04T12:39:59.539Z", "user": 1, "content_type": 14, "object_id": "29", "object_repr": "14", "action_flag": 1, "change_message": "[{\"added\": {}}]"}}, {"model": "admin.logentry", "pk": 140, "fields": {"action_time": "2021-02-04T12:41:39.806Z", "user": 1, "content_type": 8, "object_id": "5", "object_repr": "Rest Api", "action_flag": 2, "change_message": "[{\"changed\": {\"fields\": [\"Title\", \"Week\"]}}]"}}, {"model": "admin.logentry", "pk": 141, "fields": {"action_time": "2021-02-04T12:42:54.119Z", "user": 1, "content_type": 8, "object_id": "6", "object_repr": "Advanced React", "action_flag": 1, "change_message": "[{\"added\": {}}]"}}, {"model": "admin.logentry", "pk": 142, "fields": {"action_time": "2021-02-04T12:43:36.817Z", "user": 1, "content_type": 8, "object_id": "7", "object_repr": "Django Rest Framework", "action_flag": 1, "change_message": "[{\"added\": {}}]"}}, {"model": "admin.logentry", "pk": 143, "fields": {"action_time": "2021-02-04T12:44:03.021Z", "user": 1, "content_type": 8, "object_id": "8", "object_repr": "Advanced Sass", "action_flag": 1, "change_message": "[{\"added\": {}}]"}}, {"model": "admin.logentry", "pk": 144, "fields": {"action_time": "2021-02-04T12:45:27.600Z", "user": 1, "content_type": 8, "object_id": "9", "object_repr": "Docker Deployment", "action_flag": 1, "change_message": "[{\"added\": {}}]"}}, {"model": "admin.logentry", "pk": 145, "fields": {"action_time": "2021-02-04T12:46:10.438Z", "user": 1, "content_type": 8, "object_id": "10", "object_repr": "Hackatlon", "action_flag": 1, "change_message": "[{\"added\": {}}]"}}, {"model": "admin.logentry", "pk": 146, "fields": {"action_time": "2021-02-04T13:55:22.821Z", "user": 1, "content_type": 14, "object_id": "30", "object_repr": "0", "action_flag": 1, "change_message": "[{\"added\": {}}]"}}, {"model": "admin.logentry", "pk": 147, "fields": {"action_time": "2021-02-04T13:55:35.755Z", "user": 1, "content_type": 14, "object_id": "31", "object_repr": "0", "action_flag": 1, "change_message": "[{\"added\": {}}]"}}, {"model": "admin.logentry", "pk": 148, "fields": {"action_time": "2021-02-04T14:01:52.489Z", "user": 1, "content_type": 13, "object_id": "7", "object_repr": "Html, 2021-02-02", "action_flag": 1, "change_message": "[{\"added\": {}}]"}}, {"model": "admin.logentry", "pk": 149, "fields": {"action_time": "2021-02-04T17:15:39.739Z", "user": 1, "content_type": 14, "object_id": "31", "object_repr": "80", "action_flag": 2, "change_message": "[{\"changed\": {\"fields\": [\"Grade\"]}}]"}}, {"model": "admin.logentry", "pk": 150, "fields": {"action_time": "2021-02-04T17:17:34.981Z", "user": 1, "content_type": 14, "object_id": "32", "object_repr": "90", "action_flag": 1, "change_message": "[{\"added\": {}}]"}}, {"model": "admin.logentry", "pk": 151, "fields": {"action_time": "2021-02-04T20:43:22.329Z", "user": 1, "content_type": 13, "object_id": "8", "object_repr": "Sass, 2021-02-02", "action_flag": 1, "change_message": "[{\"added\": {}}]"}}, {"model": "admin.logentry", "pk": 152, "fields": {"action_time": "2021-02-04T21:06:42.756Z", "user": 1, "content_type": 6, "object_id": "1", "object_repr": "Michaela", "action_flag": 2, "change_message": "[{\"changed\": {\"fields\": [\"Status\", \"Program\"]}}]"}}, {"model": "admin.logentry", "pk": 153, "fields": {"action_time": "2021-02-04T21:10:06.058Z", "user": 1, "content_type": 6, "object_id": "13", "object_repr": "Thomas", "action_flag": 1, "change_message": "[{\"added\": {}}]"}}, {"model": "admin.logentry", "pk": 154, "fields": {"action_time": "2021-02-04T21:31:25.541Z", "user": 1, "content_type": 6, "object_id": "13", "object_repr": "Thomas", "action_flag": 2, "change_message": "[{\"changed\": {\"fields\": [\"Country\", \"City\", \"Zip code\", \"Street\", \"About\", \"Profile picture\", \"Status\", \"Program\"]}}]"}}, {"model": "admin.logentry", "pk": 155, "fields": {"action_time": "2021-02-04T21:35:52.260Z", "user": 1, "content_type": 6, "object_id": "10", "object_repr": "Guillaume", "action_flag": 2, "change_message": "[{\"changed\": {\"fields\": [\"Username\", \"First name\", \"Zip code\", \"Street\", \"Program\"]}}]"}}, {"model": "admin.logentry", "pk": 156, "fields": {"action_time": "2021-02-04T21:36:52.858Z", "user": 1, "content_type": 6, "object_id": "7", "object_repr": "Immanuel", "action_flag": 2, "change_message": "[{\"changed\": {\"fields\": [\"Street\"]}}]"}}, {"model": "admin.logentry", "pk": 157, "fields": {"action_time": "2021-02-04T21:39:28.071Z", "user": 1, "content_type": 6, "object_id": "6", "object_repr": "Marco", "action_flag": 2, "change_message": "[{\"changed\": {\"fields\": [\"City\", \"Zip code\", \"Street\", \"Profile picture\"]}}]"}}, {"model": "admin.logentry", "pk": 158, "fields": {"action_time": "2021-02-04T21:39:43.678Z", "user": 1, "content_type": 6, "object_id": "1", "object_repr": "Michaela", "action_flag": 2, "change_message": "[{\"changed\": {\"fields\": [\"Profile picture\"]}}]"}}, {"model": "admin.logentry", "pk": 159, "fields": {"action_time": "2021-02-04T21:40:18.535Z", "user": 1, "content_type": 6, "object_id": "8", "object_repr": "Michal", "action_flag": 2, "change_message": "[{\"changed\": {\"fields\": [\"Profile picture\", \"Program\"]}}]"}}, {"model": "admin.logentry", "pk": 160, "fields": {"action_time": "2021-02-04T21:42:06.096Z", "user": 1, "content_type": 6, "object_id": "5", "object_repr": "Michelle", "action_flag": 2, "change_message": "[{\"changed\": {\"fields\": [\"Zip code\", \"Street\", \"Profile picture\", \"Program\"]}}]"}}, {"model": "admin.logentry", "pk": 161, "fields": {"action_time": "2021-02-04T21:42:24.571Z", "user": 1, "content_type": 6, "object_id": "4", "object_repr": "Patrick", "action_flag": 2, "change_message": "[{\"changed\": {\"fields\": [\"Program\"]}}]"}}, {"model": "admin.logentry", "pk": 162, "fields": {"action_time": "2021-02-04T21:42:46.072Z", "user": 1, "content_type": 6, "object_id": "11", "object_repr": "Ruben", "action_flag": 2, "change_message": "[{\"changed\": {\"fields\": [\"Profile picture\"]}}]"}}, {"model": "admin.logentry", "pk": 163, "fields": {"action_time": "2021-02-04T21:43:09.604Z", "user": 1, "content_type": 6, "object_id": "3", "object_repr": "Salomon", "action_flag": 2, "change_message": "[{\"changed\": {\"fields\": [\"Profile picture\", \"Program\"]}}]"}}, {"model": "admin.logentry", "pk": 164, "fields": {"action_time": "2021-02-04T21:44:42.034Z", "user": 1, "content_type": 6, "object_id": "2", "object_repr": "Salvatore", "action_flag": 2, "change_message": "[{\"changed\": {\"fields\": [\"Street\", \"Profile picture\"]}}]"}}, {"model": "admin.logentry", "pk": 165, "fields": {"action_time": "2021-02-04T21:47:25.796Z", "user": 1, "content_type": 7, "object_id": "3", "object_repr": "Full Stack bootcamp 13", "action_flag": 1, "change_message": "[{\"added\": {}}]"}}, {"model": "admin.logentry", "pk": 166, "fields": {"action_time": "2021-02-04T21:47:37.942Z", "user": 1, "content_type": 7, "object_id": "1", "object_repr": "Full Stack bootcamp 14", "action_flag": 2, "change_message": "[{\"changed\": {\"fields\": [\"Description\"]}}]"}}, {"model": "admin.logentry", "pk": 167, "fields": {"action_time": "2021-02-04T21:47:53.350Z", "user": 1, "content_type": 7, "object_id": "2", "object_repr": "Data Science 14", "action_flag": 3, "change_message": ""}}, {"model": "admin.logentry", "pk": 168, "fields": {"action_time": "2021-02-04T21:48:22.614Z", "user": 1, "content_type": 7, "object_id": "4", "object_repr": "Data Science 14", "action_flag": 1, "change_message": "[{\"added\": {}}]"}}, {"model": "admin.logentry", "pk": 169, "fields": {"action_time": "2021-02-04T21:48:32.775Z", "user": 1, "content_type": 7, "object_id": "3", "object_repr": "Full Stack bootcamp 15", "action_flag": 2, "change_message": "[{\"changed\": {\"fields\": [\"Name\"]}}]"}}, {"model": "admin.logentry", "pk": 170, "fields": {"action_time": "2021-02-04T21:53:40.273Z", "user": 1, "content_type": 6, "object_id": "4", "object_repr": "Patrick", "action_flag": 2, "change_message": "[{\"changed\": {\"fields\": [\"Profile picture\"]}}]"}}, {"model": "admin.logentry", "pk": 171, "fields": {"action_time": "2021-02-04T21:53:55.609Z", "user": 1, "content_type": 6, "object_id": "10", "object_repr": "Guillaume", "action_flag": 2, "change_message": "[{\"changed\": {\"fields\": [\"Program\"]}}]"}}, {"model": "admin.logentry", "pk": 172, "fields": {"action_time": "2021-02-04T21:56:52.722Z", "user": 1, "content_type": 7, "object_id": "1", "object_repr": "Full Stack bootcamp 14", "action_flag": 2, "change_message": "[{\"changed\": {\"fields\": [\"Description\"]}}]"}}, {"model": "admin.logentry", "pk": 173, "fields": {"action_time": "2021-02-04T21:57:24.174Z", "user": 1, "content_type": 12, "object_id": "3", "object_repr": "Week 3", "action_flag": 1, "change_message": "[{\"added\": {}}]"}}, {"model": "admin.logentry", "pk": 174, "fields": {"action_time": "2021-02-04T21:57:36.144Z", "user": 1, "content_type": 12, "object_id": "4", "object_repr": "Week 4", "action_flag": 1, "change_message": "[{\"added\": {}}]"}}, {"model": "admin.logentry", "pk": 175, "fields": {"action_time": "2021-02-04T21:57:42.673Z", "user": 1, "content_type": 12, "object_id": "5", "object_repr": "Week 5", "action_flag": 1, "change_message": "[{\"added\": {}}]"}}, {"model": "admin.logentry", "pk": 176, "fields": {"action_time": "2021-02-04T21:57:50.091Z", "user": 1, "content_type": 12, "object_id": "6", "object_repr": "Week 6", "action_flag": 1, "change_message": "[{\"added\": {}}]"}}, {"model": "admin.logentry", "pk": 177, "fields": {"action_time": "2021-02-04T21:57:56.282Z", "user": 1, "content_type": 12, "object_id": "7", "object_repr": "Week 7", "action_flag": 1, "change_message": "[{\"added\": {}}]"}}, {"model": "admin.logentry", "pk": 178, "fields": {"action_time": "2021-02-04T21:58:04.617Z", "user": 1, "content_type": 12, "object_id": "8", "object_repr": "Week 8", "action_flag": 1, "change_message": "[{\"added\": {}}]"}}, {"model": "admin.logentry", "pk": 179, "fields": {"action_time": "2021-02-04T21:58:22.359Z", "user": 1, "content_type": 12, "object_id": "9", "object_repr": "Week 9", "action_flag": 1, "change_message": "[{\"added\": {}}]"}}, {"model": "admin.logentry", "pk": 180, "fields": {"action_time": "2021-02-04T21:58:39.307Z", "user": 1, "content_type": 12, "object_id": "10", "object_repr": "Week 10 -12", "action_flag": 1, "change_message": "[{\"added\": {}}]"}}, {"model": "admin.logentry", "pk": 181, "fields": {"action_time": "2021-02-04T22:00:43.046Z", "user": 1, "content_type": 8, "object_id": "1", "object_repr": "Javascript fundamentals and HTML/CSS", "action_flag": 2, "change_message": "[{\"changed\": {\"fields\": [\"Title\", \"Exercise\", \"Description\", \"Date\"]}}]"}}, {"model": "admin.logentry", "pk": 182, "fields": {"action_time": "2021-02-04T22:01:06.521Z", "user": 1, "content_type": 8, "object_id": "2", "object_repr": "Sass", "action_flag": 2, "change_message": "[{\"changed\": {\"fields\": [\"Programs\"]}}]"}}, {"model": "admin.logentry", "pk": 183, "fields": {"action_time": "2021-02-04T22:01:13.528Z", "user": 1, "content_type": 8, "object_id": "1", "object_repr": "Javascript fundamentals and HTML/CSS", "action_flag": 2, "change_message": "[{\"changed\": {\"fields\": [\"Programs\"]}}]"}}, {"model": "admin.logentry", "pk": 184, "fields": {"action_time": "2021-02-04T22:02:50.719Z", "user": 1, "content_type": 8, "object_id": "2", "object_repr": "Object oriented and Functional programing", "action_flag": 2, "change_message": "[{\"changed\": {\"fields\": [\"Title\", \"Exercise\", \"Description\", \"Date\"]}}]"}}, {"model": "admin.logentry", "pk": 185, "fields": {"action_time": "2021-02-04T22:03:49.579Z", "user": 1, "content_type": 8, "object_id": "3", "object_repr": "Javascript and Canvas", "action_flag": 2, "change_message": "[{\"changed\": {\"fields\": [\"Title\", \"Exercise\", \"Description\", \"Date\", \"Programs\"]}}]"}}, {"model": "admin.logentry", "pk": 186, "fields": {"action_time": "2021-02-04T22:05:17.125Z", "user": 1, "content_type": 8, "object_id": "4", "object_repr": "HTML5 and CSS3", "action_flag": 2, "change_message": "[{\"changed\": {\"fields\": [\"Title\", \"Exercise\", \"Description\", \"Date\", \"Programs\"]}}]"}}, {"model": "admin.logentry", "pk": 187, "fields": {"action_time": "2021-02-04T22:06:28.091Z", "user": 1, "content_type": 8, "object_id": "5", "object_repr": "Node, NPM and SASS", "action_flag": 2, "change_message": "[{\"changed\": {\"fields\": [\"Title\", \"Description\", \"Date\", \"Programs\", \"Weekday\"]}}]"}}, {"model": "admin.logentry", "pk": 188, "fields": {"action_time": "2021-02-04T22:08:08.637Z", "user": 1, "content_type": 8, "object_id": "6", "object_repr": "Webservers and Protocols", "action_flag": 2, "change_message": "[{\"changed\": {\"fields\": [\"Title\", \"Exercise\", \"Description\", \"Date\", \"Programs\"]}}]"}}, {"model": "admin.logentry", "pk": 189, "fields": {"action_time": "2021-02-04T22:09:22.032Z", "user": 1, "content_type": 8, "object_id": "7", "object_repr": "Rest APIs & JSON & Postman", "action_flag": 2, "change_message": "[{\"changed\": {\"fields\": [\"Title\", \"Exercise\", \"Description\", \"Date\", \"Programs\"]}}]"}}, {"model": "admin.logentry", "pk": 190, "fields": {"action_time": "2021-02-04T22:10:26.163Z", "user": 1, "content_type": 8, "object_id": "8", "object_repr": "JavaScript Hackathon", "action_flag": 2, "change_message": "[{\"changed\": {\"fields\": [\"Title\", \"Exercise\", \"Description\", \"Date\", \"Programs\"]}}]"}}, {"model": "admin.logentry", "pk": 191, "fields": {"action_time": "2021-02-04T22:11:21.213Z", "user": 1, "content_type": 8, "object_id": "9", "object_repr": "Getting Started With React", "action_flag": 2, "change_message": "[{\"changed\": {\"fields\": [\"Title\", \"Exercise\", \"Description\", \"Date\", \"Programs\"]}}]"}}, {"model": "admin.logentry", "pk": 192, "fields": {"action_time": "2021-02-04T22:13:07.508Z", "user": 1, "content_type": 8, "object_id": "10", "object_repr": "React Forms", "action_flag": 2, "change_message": "[{\"changed\": {\"fields\": [\"Title\", \"Exercise\", \"Description\", \"Date\", \"Programs\"]}}]"}}, {"model": "admin.logentry", "pk": 193, "fields": {"action_time": "2021-02-04T22:14:39.777Z", "user": 1, "content_type": 8, "object_id": "11", "object_repr": "REST API and React lifecycle methods", "action_flag": 1, "change_message": "[{\"added\": {}}]"}}, {"model": "admin.logentry", "pk": 194, "fields": {"action_time": "2021-02-04T22:15:51.191Z", "user": 1, "content_type": 8, "object_id": "12", "object_repr": "Getting Started with Redux", "action_flag": 1, "change_message": "[{\"added\": {}}]"}}, {"model": "admin.logentry", "pk": 195, "fields": {"action_time": "2021-02-04T22:15:54.064Z", "user": 1, "content_type": 8, "object_id": "12", "object_repr": "Getting Started with Redux", "action_flag": 2, "change_message": "[]"}}, {"model": "admin.logentry", "pk": 196, "fields": {"action_time": "2021-02-04T22:16:58.053Z", "user": 1, "content_type": 8, "object_id": "13", "object_repr": "React Router and Redux Thunk", "action_flag": 1, "change_message": "[{\"added\": {}}]"}}, {"model": "admin.logentry", "pk": 197, "fields": {"action_time": "2021-02-04T22:18:54.867Z", "user": 1, "content_type": 8, "object_id": "14", "object_repr": "Authentication and Custom Middleware", "action_flag": 1, "change_message": "[{\"added\": {}}]"}}, {"model": "admin.logentry", "pk": 198, "fields": {"action_time": "2021-02-04T22:20:40.292Z", "user": 1, "content_type": 8, "object_id": "15", "object_repr": "React Hooks and High Order Component", "action_flag": 1, "change_message": "[{\"added\": {}}]"}}, {"model": "admin.logentry", "pk": 199, "fields": {"action_time": "2021-02-04T22:20:50.315Z", "user": 1, "content_type": 8, "object_id": "14", "object_repr": "Authentication and Custom Middleware", "action_flag": 2, "change_message": "[{\"changed\": {\"fields\": [\"Date\"]}}]"}}, {"model": "admin.logentry", "pk": 200, "fields": {"action_time": "2021-02-04T22:20:59.102Z", "user": 1, "content_type": 8, "object_id": "13", "object_repr": "React Router and Redux Thunk", "action_flag": 2, "change_message": "[{\"changed\": {\"fields\": [\"Date\"]}}]"}}, {"model": "admin.logentry", "pk": 201, "fields": {"action_time": "2021-02-04T22:21:14.308Z", "user": 1, "content_type": 8, "object_id": "12", "object_repr": "Getting Started with Redux", "action_flag": 2, "change_message": "[{\"changed\": {\"fields\": [\"Date\"]}}]"}}, {"model": "admin.logentry", "pk": 202, "fields": {"action_time": "2021-02-04T22:21:23.938Z", "user": 1, "content_type": 8, "object_id": "11", "object_repr": "REST API and React lifecycle methods", "action_flag": 2, "change_message": "[{\"changed\": {\"fields\": [\"Date\"]}}]"}}, {"model": "admin.logentry", "pk": 203, "fields": {"action_time": "2021-02-04T22:21:32.523Z", "user": 1, "content_type": 8, "object_id": "10", "object_repr": "React Forms", "action_flag": 2, "change_message": "[{\"changed\": {\"fields\": [\"Date\"]}}]"}}, {"model": "admin.logentry", "pk": 204, "fields": {"action_time": "2021-02-04T22:21:40.580Z", "user": 1, "content_type": 8, "object_id": "9", "object_repr": "Getting Started With React", "action_flag": 2, "change_message": "[{\"changed\": {\"fields\": [\"Date\"]}}]"}}, {"model": "admin.logentry", "pk": 205, "fields": {"action_time": "2021-02-04T22:21:47.057Z", "user": 1, "content_type": 8, "object_id": "8", "object_repr": "JavaScript Hackathon", "action_flag": 2, "change_message": "[{\"changed\": {\"fields\": [\"Date\"]}}]"}}, {"model": "admin.logentry", "pk": 206, "fields": {"action_time": "2021-02-04T22:21:54.265Z", "user": 1, "content_type": 8, "object_id": "7", "object_repr": "Rest APIs & JSON & Postman", "action_flag": 2, "change_message": "[{\"changed\": {\"fields\": [\"Date\"]}}]"}}, {"model": "admin.logentry", "pk": 207, "fields": {"action_time": "2021-02-04T22:22:00.879Z", "user": 1, "content_type": 8, "object_id": "6", "object_repr": "Webservers and Protocols", "action_flag": 2, "change_message": "[{\"changed\": {\"fields\": [\"Date\"]}}]"}}, {"model": "admin.logentry", "pk": 208, "fields": {"action_time": "2021-02-04T22:22:10.875Z", "user": 1, "content_type": 8, "object_id": "5", "object_repr": "Node, NPM and SASS", "action_flag": 2, "change_message": "[{\"changed\": {\"fields\": [\"Date\"]}}]"}}, {"model": "admin.logentry", "pk": 209, "fields": {"action_time": "2021-02-04T22:22:19.195Z", "user": 1, "content_type": 8, "object_id": "4", "object_repr": "HTML5 and CSS3", "action_flag": 2, "change_message": "[{\"changed\": {\"fields\": [\"Date\"]}}]"}}, {"model": "admin.logentry", "pk": 210, "fields": {"action_time": "2021-02-04T22:22:25.081Z", "user": 1, "content_type": 8, "object_id": "3", "object_repr": "Javascript and Canvas", "action_flag": 2, "change_message": "[{\"changed\": {\"fields\": [\"Date\"]}}]"}}, {"model": "admin.logentry", "pk": 211, "fields": {"action_time": "2021-02-04T22:22:36.831Z", "user": 1, "content_type": 8, "object_id": "2", "object_repr": "Object oriented and Functional programing", "action_flag": 2, "change_message": "[{\"changed\": {\"fields\": [\"Date\"]}}]"}}, {"model": "admin.logentry", "pk": 212, "fields": {"action_time": "2021-02-04T22:22:44.891Z", "user": 1, "content_type": 8, "object_id": "1", "object_repr": "Javascript fundamentals and HTML/CSS", "action_flag": 2, "change_message": "[{\"changed\": {\"fields\": [\"Date\"]}}]"}}, {"model": "admin.logentry", "pk": 213, "fields": {"action_time": "2021-02-04T22:22:51.519Z", "user": 1, "content_type": 8, "object_id": "15", "object_repr": "React Hooks and High Order Component", "action_flag": 2, "change_message": "[]"}}, {"model": "admin.logentry", "pk": 214, "fields": {"action_time": "2021-02-04T22:24:39.196Z", "user": 1, "content_type": 8, "object_id": "16", "object_repr": "Motion Assignment Frontend", "action_flag": 1, "change_message": "[{\"added\": {}}]"}}, {"model": "admin.logentry", "pk": 215, "fields": {"action_time": "2021-02-04T22:24:47.632Z", "user": 1, "content_type": 8, "object_id": "15", "object_repr": "React Hooks and High Order Component", "action_flag": 2, "change_message": "[]"}}, {"model": "admin.logentry", "pk": 216, "fields": {"action_time": "2021-02-04T22:25:01.215Z", "user": 1, "content_type": 8, "object_id": "16", "object_repr": "Motion Assignment Frontend", "action_flag": 2, "change_message": "[{\"changed\": {\"fields\": [\"Date\"]}}]"}}, {"model": "admin.logentry", "pk": 217, "fields": {"action_time": "2021-02-04T22:25:42.480Z", "user": 1, "content_type": 8, "object_id": "17", "object_repr": "Motion Assignment Frontend", "action_flag": 1, "change_message": "[{\"added\": {}}]"}}, {"model": "admin.logentry", "pk": 218, "fields": {"action_time": "2021-02-04T22:26:40.030Z", "user": 1, "content_type": 8, "object_id": "18", "object_repr": "Motion Assignment Frontend", "action_flag": 1, "change_message": "[{\"added\": {}}]"}}, {"model": "admin.logentry", "pk": 219, "fields": {"action_time": "2021-02-04T22:27:48.403Z", "user": 1, "content_type": 8, "object_id": "19", "object_repr": "Motion Assignment Frontend", "action_flag": 1, "change_message": "[{\"added\": {}}]"}}, {"model": "admin.logentry", "pk": 220, "fields": {"action_time": "2021-02-04T22:28:44.368Z", "user": 1, "content_type": 8, "object_id": "20", "object_repr": "Motion Assignment Frontend", "action_flag": 1, "change_message": "[{\"added\": {}}]"}}, {"model": "admin.logentry", "pk": 221, "fields": {"action_time": "2021-02-04T22:30:15.844Z", "user": 1, "content_type": 8, "object_id": "21", "object_repr": "Python and Databases", "action_flag": 1, "change_message": "[{\"added\": {}}]"}}, {"model": "admin.logentry", "pk": 222, "fields": {"action_time": "2021-02-04T22:30:32.072Z", "user": 1, "content_type": 8, "object_id": "20", "object_repr": "Motion Assignment Frontend", "action_flag": 2, "change_message": "[]"}}, {"model": "admin.logentry", "pk": 223, "fields": {"action_time": "2021-02-04T22:30:43.927Z", "user": 1, "content_type": 8, "object_id": "19", "object_repr": "Motion Assignment Frontend", "action_flag": 2, "change_message": "[]"}}, {"model": "admin.logentry", "pk": 224, "fields": {"action_time": "2021-02-04T22:30:52.376Z", "user": 1, "content_type": 8, "object_id": "20", "object_repr": "Motion Assignment Frontend", "action_flag": 2, "change_message": "[{\"changed\": {\"fields\": [\"Date\"]}}]"}}, {"model": "admin.logentry", "pk": 225, "fields": {"action_time": "2021-02-04T22:31:01.441Z", "user": 1, "content_type": 8, "object_id": "21", "object_repr": "Python and Databases", "action_flag": 2, "change_message": "[{\"changed\": {\"fields\": [\"Date\"]}}]"}}, {"model": "admin.logentry", "pk": 226, "fields": {"action_time": "2021-02-04T22:32:32.395Z", "user": 1, "content_type": 8, "object_id": "22", "object_repr": "JS Interview prep II: Data Structures", "action_flag": 1, "change_message": "[{\"added\": {}}]"}}, {"model": "admin.logentry", "pk": 227, "fields": {"action_time": "2021-02-04T22:32:53.020Z", "user": 1, "content_type": 8, "object_id": "21", "object_repr": "Python and Databases", "action_flag": 2, "change_message": "[{\"changed\": {\"fields\": [\"Date\", \"Weekday\"]}}]"}}, {"model": "admin.logentry", "pk": 228, "fields": {"action_time": "2021-02-04T22:34:09.941Z", "user": 1, "content_type": 8, "object_id": "23", "object_repr": "Python Fundamentals", "action_flag": 1, "change_message": "[{\"added\": {}}]"}}, {"model": "admin.logentry", "pk": 229, "fields": {"action_time": "2021-02-04T22:35:19.803Z", "user": 1, "content_type": 8, "object_id": "21", "object_repr": "JS Interview prep I: Algorithms", "action_flag": 2, "change_message": "[{\"changed\": {\"fields\": [\"Title\", \"Exercise\", \"Description\", \"Date\", \"Weekday\"]}}]"}}, {"model": "admin.logentry", "pk": 230, "fields": {"action_time": "2021-02-04T22:35:46.620Z", "user": 1, "content_type": 8, "object_id": "23", "object_repr": "Python Fundamentals", "action_flag": 3, "change_message": ""}}, {"model": "admin.logentry", "pk": 231, "fields": {"action_time": "2021-02-04T22:35:46.626Z", "user": 1, "content_type": 8, "object_id": "22", "object_repr": "JS Interview prep II: Data Structures", "action_flag": 3, "change_message": ""}}, {"model": "admin.logentry", "pk": 232, "fields": {"action_time": "2021-02-04T22:35:46.629Z", "user": 1, "content_type": 8, "object_id": "21", "object_repr": "JS Interview prep I: Algorithms", "action_flag": 3, "change_message": ""}}, {"model": "admin.logentry", "pk": 233, "fields": {"action_time": "2021-02-04T22:37:31.578Z", "user": 1, "content_type": 8, "object_id": "24", "object_repr": "JS Interview prep I: Algorithms", "action_flag": 1, "change_message": "[{\"added\": {}}]"}}, {"model": "admin.logentry", "pk": 234, "fields": {"action_time": "2021-02-04T22:38:36.642Z", "user": 1, "content_type": 8, "object_id": "25", "object_repr": "JS Interview prep II: Data Structures", "action_flag": 1, "change_message": "[{\"added\": {}}]"}}, {"model": "admin.logentry", "pk": 235, "fields": {"action_time": "2021-02-04T22:39:38.181Z", "user": 1, "content_type": 8, "object_id": "26", "object_repr": "Python Fundamentals", "action_flag": 1, "change_message": "[{\"added\": {}}]"}}, {"model": "admin.logentry", "pk": 236, "fields": {"action_time": "2021-02-04T22:40:34.934Z", "user": 1, "content_type": 8, "object_id": "27", "object_repr": "Advanced Python & OOP", "action_flag": 1, "change_message": "[{\"added\": {}}]"}}, {"model": "admin.logentry", "pk": 237, "fields": {"action_time": "2021-02-04T22:40:41.387Z", "user": 1, "content_type": 8, "object_id": "26", "object_repr": "Python Fundamentals", "action_flag": 2, "change_message": "[]"}}, {"model": "admin.logentry", "pk": 238, "fields": {"action_time": "2021-02-04T22:41:24.743Z", "user": 1, "content_type": 8, "object_id": "28", "object_repr": "SQL & Databases", "action_flag": 1, "change_message": "[{\"added\": {}}]"}}, {"model": "admin.logentry", "pk": 239, "fields": {"action_time": "2021-02-04T22:43:40.816Z", "user": 1, "content_type": 8, "object_id": "29", "object_repr": "Basics of Django", "action_flag": 1, "change_message": "[{\"added\": {}}]"}}, {"model": "admin.logentry", "pk": 240, "fields": {"action_time": "2021-02-04T22:44:53.111Z", "user": 1, "content_type": 8, "object_id": "30", "object_repr": "Django REST Framework", "action_flag": 1, "change_message": "[{\"added\": {}}]"}}, {"model": "admin.logentry", "pk": 241, "fields": {"action_time": "2021-02-04T22:46:00.844Z", "user": 1, "content_type": 8, "object_id": "31", "object_repr": "Advanced Django REST Framework", "action_flag": 1, "change_message": "[{\"added\": {}}]"}}, {"model": "admin.logentry", "pk": 242, "fields": {"action_time": "2021-02-04T22:47:03.172Z", "user": 1, "content_type": 8, "object_id": "32", "object_repr": "Django Review and More", "action_flag": 1, "change_message": "[{\"added\": {}}]"}}, {"model": "admin.logentry", "pk": 243, "fields": {"action_time": "2021-02-04T22:48:42.924Z", "user": 1, "content_type": 8, "object_id": "33", "object_repr": "Django Motion Assignment", "action_flag": 1, "change_message": "[{\"added\": {}}]"}}, {"model": "admin.logentry", "pk": 244, "fields": {"action_time": "2021-02-04T22:52:14.884Z", "user": 1, "content_type": 8, "object_id": "1", "object_repr": "Javascript fundamentals and HTML/CSS", "action_flag": 2, "change_message": "[]"}}, {"model": "admin.logentry", "pk": 245, "fields": {"action_time": "2021-02-04T22:52:18.468Z", "user": 1, "content_type": 8, "object_id": "2", "object_repr": "Object oriented and Functional programing", "action_flag": 2, "change_message": "[]"}}, {"model": "admin.logentry", "pk": 246, "fields": {"action_time": "2021-02-05T07:49:21.176Z", "user": 1, "content_type": 6, "object_id": "14", "object_repr": "Sebastian", "action_flag": 1, "change_message": "[{\"added\": {}}]"}}, {"model": "admin.logentry", "pk": 247, "fields": {"action_time": "2021-02-05T07:51:33.236Z", "user": 1, "content_type": 6, "object_id": "14", "object_repr": "Sebastian", "action_flag": 2, "change_message": "[{\"changed\": {\"fields\": [\"Country\", \"City\", \"Zip code\", \"Street\", \"About\", \"Profile picture\"]}}]"}}, {"model": "admin.logentry", "pk": 248, "fields": {"action_time": "2021-02-05T07:52:45.295Z", "user": 1, "content_type": 6, "object_id": "15", "object_repr": "Cedric", "action_flag": 1, "change_message": "[{\"added\": {}}]"}}, {"model": "admin.logentry", "pk": 249, "fields": {"action_time": "2021-02-05T07:54:13.281Z", "user": 1, "content_type": 6, "object_id": "15", "object_repr": "Cedric", "action_flag": 2, "change_message": "[{\"changed\": {\"fields\": [\"Country\", \"City\", \"Zip code\", \"Street\", \"About\", \"Profile picture\"]}}]"}}, {"model": "admin.logentry", "pk": 250, "fields": {"action_time": "2021-02-05T07:55:21.789Z", "user": 1, "content_type": 6, "object_id": "16", "object_repr": "Llorenc", "action_flag": 1, "change_message": "[{\"added\": {}}]"}}, {"model": "admin.logentry", "pk": 251, "fields": {"action_time": "2021-02-05T07:56:18.811Z", "user": 1, "content_type": 6, "object_id": "16", "object_repr": "Llorenc", "action_flag": 2, "change_message": "[{\"changed\": {\"fields\": [\"Country\", \"City\", \"Zip code\", \"Street\", \"About\", \"Profile picture\"]}}]"}}, {"model": "admin.logentry", "pk": 252, "fields": {"action_time": "2021-02-05T07:56:51.161Z", "user": 1, "content_type": 6, "object_id": "10", "object_repr": "Guillaume", "action_flag": 2, "change_message": "[{\"changed\": {\"fields\": [\"Profile picture\"]}}]"}}, {"model": "admin.logentry", "pk": 253, "fields": {"action_time": "2021-02-05T07:57:24.107Z", "user": 1, "content_type": 6, "object_id": "11", "object_repr": "Ruben", "action_flag": 2, "change_message": "[{\"changed\": {\"fields\": [\"Street\", \"Profile picture\"]}}]"}}, {"model": "admin.logentry", "pk": 254, "fields": {"action_time": "2021-02-05T07:58:13.634Z", "user": 1, "content_type": 6, "object_id": "17", "object_repr": "Manuel", "action_flag": 1, "change_message": "[{\"added\": {}}]"}}, {"model": "admin.logentry", "pk": 255, "fields": {"action_time": "2021-02-05T07:58:37.170Z", "user": 1, "content_type": 6, "object_id": "17", "object_repr": "Manuel", "action_flag": 2, "change_message": "[{\"changed\": {\"fields\": [\"Country\", \"City\", \"Zip code\", \"Street\", \"About\"]}}]"}}, {"model": "admin.logentry", "pk": 256, "fields": {"action_time": "2021-02-05T08:00:27.495Z", "user": 1, "content_type": 6, "object_id": "18", "object_repr": "Sophia", "action_flag": 1, "change_message": "[{\"added\": {}}]"}}, {"model": "admin.logentry", "pk": 257, "fields": {"action_time": "2021-02-05T08:00:54.562Z", "user": 1, "content_type": 6, "object_id": "18", "object_repr": "Sophia", "action_flag": 2, "change_message": "[{\"changed\": {\"fields\": [\"Country\", \"City\", \"Zip code\", \"Street\", \"About\", \"Profile picture\"]}}]"}}, {"model": "admin.logentry", "pk": 258, "fields": {"action_time": "2021-02-05T08:21:54.174Z", "user": 1, "content_type": 6, "object_id": "19", "object_repr": "Thorben", "action_flag": 1, "change_message": "[{\"added\": {}}]"}}, {"model": "admin.logentry", "pk": 259, "fields": {"action_time": "2021-02-05T08:22:32.356Z", "user": 1, "content_type": 6, "object_id": "19", "object_repr": "Thorben", "action_flag": 2, "change_message": "[{\"changed\": {\"fields\": [\"Country\", \"City\", \"Zip code\", \"Street\", \"About\", \"Profile picture\"]}}]"}}, {"model": "admin.logentry", "pk": 260, "fields": {"action_time": "2021-02-05T08:23:33.075Z", "user": 1, "content_type": 6, "object_id": "20", "object_repr": "Yusef", "action_flag": 1, "change_message": "[{\"added\": {}}]"}}, {"model": "admin.logentry", "pk": 261, "fields": {"action_time": "2021-02-05T08:24:01.265Z", "user": 1, "content_type": 6, "object_id": "20", "object_repr": "Yusef", "action_flag": 2, "change_message": "[{\"changed\": {\"fields\": [\"Country\", \"City\", \"Zip code\", \"Street\", \"About\", \"Profile picture\"]}}]"}}, {"model": "admin.logentry", "pk": 262, "fields": {"action_time": "2021-02-05T08:24:25.802Z", "user": 1, "content_type": 6, "object_id": "19", "object_repr": "Thorben", "action_flag": 2, "change_message": "[{\"changed\": {\"fields\": [\"Profile picture\"]}}]"}}, {"model": "admin.logentry", "pk": 263, "fields": {"action_time": "2021-02-05T08:24:50.071Z", "user": 1, "content_type": 6, "object_id": "20", "object_repr": "Yusef", "action_flag": 2, "change_message": "[{\"changed\": {\"fields\": [\"Profile picture\"]}}]"}}, {"model": "admin.logentry", "pk": 264, "fields": {"action_time": "2021-02-05T08:27:13.486Z", "user": 1, "content_type": 13, "object_id": "7", "object_repr": "Javascript fundamentals and HTML/CSS, 2020-11-09", "action_flag": 2, "change_message": "[{\"changed\": {\"fields\": [\"Date\", \"Start_time\", \"End_time\"]}}]"}}, {"model": "admin.logentry", "pk": 265, "fields": {"action_time": "2021-02-05T08:30:44.764Z", "user": 1, "content_type": 13, "object_id": "8", "object_repr": "Object oriented and Functional programing, 2021-02-02", "action_flag": 2, "change_message": "[]"}}, {"model": "admin.logentry", "pk": 266, "fields": {"action_time": "2021-02-05T08:31:38.349Z", "user": 1, "content_type": 13, "object_id": "8", "object_repr": "Object oriented and Functional programing, 2020-11-10", "action_flag": 2, "change_message": "[{\"changed\": {\"fields\": [\"Date\", \"Start_time\", \"End_time\", \"Teacher\"]}}]"}}, {"model": "admin.logentry", "pk": 267, "fields": {"action_time": "2021-02-05T08:31:59.358Z", "user": 1, "content_type": 13, "object_id": "8", "object_repr": "Object oriented and Functional programing, 2020-11-10", "action_flag": 2, "change_message": "[]"}}, {"model": "admin.logentry", "pk": 268, "fields": {"action_time": "2021-02-05T08:35:49.582Z", "user": 1, "content_type": 13, "object_id": "9", "object_repr": "Javascript and Canvas, 2020-11-11", "action_flag": 1, "change_message": "[{\"added\": {}}]"}}, {"model": "admin.logentry", "pk": 269, "fields": {"action_time": "2021-02-05T08:38:11.295Z", "user": 1, "content_type": 13, "object_id": "10", "object_repr": "HTML5 and CSS3, 2020-11-12", "action_flag": 1, "change_message": "[{\"added\": {}}]"}}, {"model": "admin.logentry", "pk": 270, "fields": {"action_time": "2021-02-05T08:39:14.285Z", "user": 1, "content_type": 13, "object_id": "11", "object_repr": "Node, NPM and SASS, 2020-11-13", "action_flag": 1, "change_message": "[{\"added\": {}}]"}}, {"model": "admin.logentry", "pk": 271, "fields": {"action_time": "2021-02-05T08:44:47.624Z", "user": 1, "content_type": 13, "object_id": "12", "object_repr": "Webservers and Protocols, 2020-11-16", "action_flag": 1, "change_message": "[{\"added\": {}}]"}}, {"model": "admin.logentry", "pk": 272, "fields": {"action_time": "2021-02-05T08:45:53.307Z", "user": 1, "content_type": 13, "object_id": "13", "object_repr": "Rest APIs & JSON & Postman, 2020-11-16", "action_flag": 1, "change_message": "[{\"added\": {}}]"}}, {"model": "admin.logentry", "pk": 273, "fields": {"action_time": "2021-02-05T08:47:21.533Z", "user": 1, "content_type": 13, "object_id": "14", "object_repr": "JavaScript Hackathon, 2020-11-18", "action_flag": 1, "change_message": "[{\"added\": {}}]"}}, {"model": "admin.logentry", "pk": 274, "fields": {"action_time": "2021-02-05T08:50:47.664Z", "user": 1, "content_type": 13, "object_id": "15", "object_repr": "Getting Started With React, 2020-11-18", "action_flag": 1, "change_message": "[{\"added\": {}}]"}}, {"model": "admin.logentry", "pk": 275, "fields": {"action_time": "2021-02-05T08:53:04.682Z", "user": 1, "content_type": 13, "object_id": "16", "object_repr": "React Forms, 2020-12-18", "action_flag": 1, "change_message": "[{\"added\": {}}]"}}, {"model": "admin.logentry", "pk": 276, "fields": {"action_time": "2021-02-05T08:54:38.925Z", "user": 1, "content_type": 13, "object_id": "17", "object_repr": "REST API and React lifecycle methods, 2020-11-23", "action_flag": 1, "change_message": "[{\"added\": {}}]"}}, {"model": "admin.logentry", "pk": 277, "fields": {"action_time": "2021-02-05T08:55:38.394Z", "user": 1, "content_type": 13, "object_id": "18", "object_repr": "Getting Started with Redux, 2020-11-24", "action_flag": 1, "change_message": "[{\"added\": {}}]"}}, {"model": "admin.logentry", "pk": 278, "fields": {"action_time": "2021-02-05T08:56:36.754Z", "user": 1, "content_type": 13, "object_id": "19", "object_repr": "React Router and Redux Thunk, 2020-11-25", "action_flag": 1, "change_message": "[{\"added\": {}}]"}}, {"model": "admin.logentry", "pk": 279, "fields": {"action_time": "2021-02-05T08:57:25.209Z", "user": 1, "content_type": 13, "object_id": "20", "object_repr": "Authentication and Custom Middleware, 2020-11-26", "action_flag": 1, "change_message": "[{\"added\": {}}]"}}, {"model": "admin.logentry", "pk": 280, "fields": {"action_time": "2021-02-05T09:02:42.911Z", "user": 1, "content_type": 13, "object_id": "21", "object_repr": "React Hooks and High Order Component, 2020-11-27", "action_flag": 1, "change_message": "[{\"added\": {}}]"}}, {"model": "admin.logentry", "pk": 281, "fields": {"action_time": "2021-02-05T09:03:43.997Z", "user": 1, "content_type": 13, "object_id": "22", "object_repr": "Motion Assignment Frontend, 2020-11-30", "action_flag": 1, "change_message": "[{\"added\": {}}]"}}, {"model": "admin.logentry", "pk": 282, "fields": {"action_time": "2021-02-05T09:04:59.895Z", "user": 1, "content_type": 13, "object_id": "23", "object_repr": "JS Interview prep I: Algorithms, 2020-12-07", "action_flag": 1, "change_message": "[{\"added\": {}}]"}}, {"model": "admin.logentry", "pk": 283, "fields": {"action_time": "2021-02-05T09:07:54.037Z", "user": 1, "content_type": 13, "object_id": "22", "object_repr": "Motion Assignment Frontend, 2020-11-30", "action_flag": 2, "change_message": "[{\"changed\": {\"fields\": [\"Teacher\"]}}]"}}, {"model": "admin.logentry", "pk": 284, "fields": {"action_time": "2021-02-05T09:13:51.257Z", "user": 1, "content_type": 13, "object_id": "24", "object_repr": "Python Fundamentals, 2020-12-07", "action_flag": 1, "change_message": "[{\"added\": {}}]"}}, {"model": "admin.logentry", "pk": 285, "fields": {"action_time": "2021-02-05T09:15:03.973Z", "user": 1, "content_type": 13, "object_id": "25", "object_repr": "Advanced Python & OOP, 2020-12-11", "action_flag": 1, "change_message": "[{\"added\": {}}]"}}, {"model": "admin.logentry", "pk": 286, "fields": {"action_time": "2021-02-05T09:15:16.903Z", "user": 1, "content_type": 13, "object_id": "24", "object_repr": "Python Fundamentals, 2020-12-09", "action_flag": 2, "change_message": "[{\"changed\": {\"fields\": [\"Date\"]}}]"}}, {"model": "admin.logentry", "pk": 287, "fields": {"action_time": "2021-02-05T09:15:29.316Z", "user": 1, "content_type": 13, "object_id": "25", "object_repr": "Advanced Python & OOP, 2020-12-10", "action_flag": 2, "change_message": "[{\"changed\": {\"fields\": [\"Date\"]}}]"}}, {"model": "admin.logentry", "pk": 288, "fields": {"action_time": "2021-02-05T09:16:40.885Z", "user": 1, "content_type": 13, "object_id": "26", "object_repr": "SQL & Databases, 2020-12-11", "action_flag": 1, "change_message": "[{\"added\": {}}]"}}, {"model": "admin.logentry", "pk": 289, "fields": {"action_time": "2021-02-05T09:16:46.049Z", "user": 1, "content_type": 13, "object_id": "25", "object_repr": "Advanced Python & OOP, 2020-12-10", "action_flag": 2, "change_message": "[]"}}, {"model": "admin.logentry", "pk": 290, "fields": {"action_time": "2021-02-05T09:18:06.117Z", "user": 1, "content_type": 13, "object_id": "27", "object_repr": "Basics of Django, 2020-12-14", "action_flag": 1, "change_message": "[{\"added\": {}}]"}}, {"model": "admin.logentry", "pk": 291, "fields": {"action_time": "2021-02-05T09:19:23.856Z", "user": 1, "content_type": 13, "object_id": "28", "object_repr": "Django REST Framework, 2020-12-22", "action_flag": 1, "change_message": "[{\"added\": {}}]"}}, {"model": "admin.logentry", "pk": 292, "fields": {"action_time": "2021-02-05T09:21:13.675Z", "user": 1, "content_type": 13, "object_id": "29", "object_repr": "Advanced Django REST Framework, 2020-12-16", "action_flag": 1, "change_message": "[{\"added\": {}}]"}}, {"model": "admin.logentry", "pk": 293, "fields": {"action_time": "2021-02-05T09:46:34.603Z", "user": 1, "content_type": 12, "object_id": "1", "object_repr": "Week1", "action_flag": 2, "change_message": "[{\"changed\": {\"fields\": [\"Sort\"]}}]"}}, {"model": "auth.permission", "pk": 1, "fields": {"name": "Can add log entry", "content_type": 1, "codename": "add_logentry"}}, {"model": "auth.permission", "pk": 2, "fields": {"name": "Can change log entry", "content_type": 1, "codename": "change_logentry"}}, {"model": "auth.permission", "pk": 3, "fields": {"name": "Can delete log entry", "content_type": 1, "codename": "delete_logentry"}}, {"model": "auth.permission", "pk": 4, "fields": {"name": "Can view log entry", "content_type": 1, "codename": "view_logentry"}}, {"model": "auth.permission", "pk": 5, "fields": {"name": "Can add permission", "content_type": 2, "codename": "add_permission"}}, {"model": "auth.permission", "pk": 6, "fields": {"name": "Can change permission", "content_type": 2, "codename": "change_permission"}}, {"model": "auth.permission", "pk": 7, "fields": {"name": "Can delete permission", "content_type": 2, "codename": "delete_permission"}}, {"model": "auth.permission", "pk": 8, "fields": {"name": "Can view permission", "content_type": 2, "codename": "view_permission"}}, {"model": "auth.permission", "pk": 9, "fields": {"name": "Can add group", "content_type": 3, "codename": "add_group"}}, {"model": "auth.permission", "pk": 10, "fields": {"name": "Can change group", "content_type": 3, "codename": "change_group"}}, {"model": "auth.permission", "pk": 11, "fields": {"name": "Can delete group", "content_type": 3, "codename": "delete_group"}}, {"model": "auth.permission", "pk": 12, "fields": {"name": "Can view group", "content_type": 3, "codename": "view_group"}}, {"model": "auth.permission", "pk": 13, "fields": {"name": "Can add content type", "content_type": 4, "codename": "add_contenttype"}}, {"model": "auth.permission", "pk": 14, "fields": {"name": "Can change content type", "content_type": 4, "codename": "change_contenttype"}}, {"model": "auth.permission", "pk": 15, "fields": {"name": "Can delete content type", "content_type": 4, "codename": "delete_contenttype"}}, {"model": "auth.permission", "pk": 16, "fields": {"name": "Can view content type", "content_type": 4, "codename": "view_contenttype"}}, {"model": "auth.permission", "pk": 17, "fields": {"name": "Can add session", "content_type": 5, "codename": "add_session"}}, {"model": "auth.permission", "pk": 18, "fields": {"name": "Can change session", "content_type": 5, "codename": "change_session"}}, {"model": "auth.permission", "pk": 19, "fields": {"name": "Can delete session", "content_type": 5, "codename": "delete_session"}}, {"model": "auth.permission", "pk": 20, "fields": {"name": "Can view session", "content_type": 5, "codename": "view_session"}}, {"model": "auth.permission", "pk": 21, "fields": {"name": "Can add user", "content_type": 6, "codename": "add_user"}}, {"model": "auth.permission", "pk": 22, "fields": {"name": "Can change user", "content_type": 6, "codename": "change_user"}}, {"model": "auth.permission", "pk": 23, "fields": {"name": "Can delete user", "content_type": 6, "codename": "delete_user"}}, {"model": "auth.permission", "pk": 24, "fields": {"name": "Can view user", "content_type": 6, "codename": "view_user"}}, {"model": "auth.permission", "pk": 25, "fields": {"name": "Can add program", "content_type": 7, "codename": "add_program"}}, {"model": "auth.permission", "pk": 26, "fields": {"name": "Can change program", "content_type": 7, "codename": "change_program"}}, {"model": "auth.permission", "pk": 27, "fields": {"name": "Can delete program", "content_type": 7, "codename": "delete_program"}}, {"model": "auth.permission", "pk": 28, "fields": {"name": "Can view program", "content_type": 7, "codename": "view_program"}}, {"model": "auth.permission", "pk": 29, "fields": {"name": "Can add lecture", "content_type": 8, "codename": "add_lecture"}}, {"model": "auth.permission", "pk": 30, "fields": {"name": "Can change lecture", "content_type": 8, "codename": "change_lecture"}}, {"model": "auth.permission", "pk": 31, "fields": {"name": "Can delete lecture", "content_type": 8, "codename": "delete_lecture"}}, {"model": "auth.permission", "pk": 32, "fields": {"name": "Can view lecture", "content_type": 8, "codename": "view_lecture"}}, {"model": "auth.permission", "pk": 33, "fields": {"name": "Can add company", "content_type": 9, "codename": "add_company"}}, {"model": "auth.permission", "pk": 34, "fields": {"name": "Can change company", "content_type": 9, "codename": "change_company"}}, {"model": "auth.permission", "pk": 35, "fields": {"name": "Can delete company", "content_type": 9, "codename": "delete_company"}}, {"model": "auth.permission", "pk": 36, "fields": {"name": "Can view company", "content_type": 9, "codename": "view_company"}}, {"model": "auth.permission", "pk": 37, "fields": {"name": "Can add registration profile", "content_type": 10, "codename": "add_registrationprofile"}}, {"model": "auth.permission", "pk": 38, "fields": {"name": "Can change registration profile", "content_type": 10, "codename": "change_registrationprofile"}}, {"model": "auth.permission", "pk": 39, "fields": {"name": "Can delete registration profile", "content_type": 10, "codename": "delete_registrationprofile"}}, {"model": "auth.permission", "pk": 40, "fields": {"name": "Can view registration profile", "content_type": 10, "codename": "view_registrationprofile"}}, {"model": "auth.permission", "pk": 41, "fields": {"name": "Can add expertise", "content_type": 11, "codename": "add_expertise"}}, {"model": "auth.permission", "pk": 42, "fields": {"name": "Can change expertise", "content_type": 11, "codename": "change_expertise"}}, {"model": "auth.permission", "pk": 43, "fields": {"name": "Can delete expertise", "content_type": 11, "codename": "delete_expertise"}}, {"model": "auth.permission", "pk": 44, "fields": {"name": "Can view expertise", "content_type": 11, "codename": "view_expertise"}}, {"model": "auth.permission", "pk": 45, "fields": {"name": "Can add lecture week", "content_type": 12, "codename": "add_lectureweek"}}, {"model": "auth.permission", "pk": 46, "fields": {"name": "Can change lecture week", "content_type": 12, "codename": "change_lectureweek"}}, {"model": "auth.permission", "pk": 47, "fields": {"name": "Can delete lecture week", "content_type": 12, "codename": "delete_lectureweek"}}, {"model": "auth.permission", "pk": 48, "fields": {"name": "Can view lecture week", "content_type": 12, "codename": "view_lectureweek"}}, {"model": "auth.permission", "pk": 49, "fields": {"name": "Can add lesson", "content_type": 13, "codename": "add_lesson"}}, {"model": "auth.permission", "pk": 50, "fields": {"name": "Can change lesson", "content_type": 13, "codename": "change_lesson"}}, {"model": "auth.permission", "pk": 51, "fields": {"name": "Can delete lesson", "content_type": 13, "codename": "delete_lesson"}}, {"model": "auth.permission", "pk": 52, "fields": {"name": "Can view lesson", "content_type": 13, "codename": "view_lesson"}}, {"model": "auth.permission", "pk": 53, "fields": {"name": "Can add grade", "content_type": 14, "codename": "add_grade"}}, {"model": "auth.permission", "pk": 54, "fields": {"name": "Can change grade", "content_type": 14, "codename": "change_grade"}}, {"model": "auth.permission", "pk": 55, "fields": {"name": "Can delete grade", "content_type": 14, "codename": "delete_grade"}}, {"model": "auth.permission", "pk": 56, "fields": {"name": "Can view grade", "content_type": 14, "codename": "view_grade"}}, {"model": "auth.permission", "pk": 57, "fields": {"name": "Can add comment", "content_type": 15, "codename": "add_comment"}}, {"model": "auth.permission", "pk": 58, "fields": {"name": "Can change comment", "content_type": 15, "codename": "change_comment"}}, {"model": "auth.permission", "pk": 59, "fields": {"name": "Can delete comment", "content_type": 15, "codename": "delete_comment"}}, {"model": "auth.permission", "pk": 60, "fields": {"name": "Can view comment", "content_type": 15, "codename": "view_comment"}}, {"model": "auth.permission", "pk": 61, "fields": {"name": "Can add link", "content_type": 16, "codename": "add_link"}}, {"model": "auth.permission", "pk": 62, "fields": {"name": "Can change link", "content_type": 16, "codename": "change_link"}}, {"model": "auth.permission", "pk": 63, "fields": {"name": "Can delete link", "content_type": 16, "codename": "delete_link"}}, {"model": "auth.permission", "pk": 64, "fields": {"name": "Can view link", "content_type": 16, "codename": "view_link"}}, {"model": "auth.permission", "pk": 65, "fields": {"name": "Can add group", "content_type": 17, "codename": "add_group"}}, {"model": "auth.permission", "pk": 66, "fields": {"name": "Can change group", "content_type": 17, "codename": "change_group"}}, {"model": "auth.permission", "pk": 67, "fields": {"name": "Can delete group", "content_type": 17, "codename": "delete_group"}}, {"model": "auth.permission", "pk": 68, "fields": {"name": "Can view group", "content_type": 17, "codename": "view_group"}}, {"model": "auth.group", "pk": 1, "fields": {"name": "Full Stack bootcamp 14", "permissions": []}}, {"model": "contenttypes.contenttype", "pk": 1, "fields": {"app_label": "admin", "model": "logentry"}}, {"model": "contenttypes.contenttype", "pk": 2, "fields": {"app_label": "auth", "model": "permission"}}, {"model": "contenttypes.contenttype", "pk": 3, "fields": {"app_label": "auth", "model": "group"}}, {"model": "contenttypes.contenttype", "pk": 4, "fields": {"app_label": "contenttypes", "model": "contenttype"}}, {"model": "contenttypes.contenttype", "pk": 5, "fields": {"app_label": "sessions", "model": "session"}}, {"model": "contenttypes.contenttype", "pk": 6, "fields": {"app_label": "user", "model": "user"}}, {"model": "contenttypes.contenttype", "pk": 7, "fields": {"app_label": "lectures", "model": "program"}}, {"model": "contenttypes.contenttype", "pk": 8, "fields": {"app_label": "lectures", "model": "lecture"}}, {"model": "contenttypes.contenttype", "pk": 9, "fields": {"app_label": "company", "model": "company"}}, {"model": "contenttypes.contenttype", "pk": 10, "fields": {"app_label": "register", "model": "registrationprofile"}}, {"model": "contenttypes.contenttype", "pk": 11, "fields": {"app_label": "expertise", "model": "expertise"}}, {"model": "contenttypes.contenttype", "pk": 12, "fields": {"app_label": "lectures", "model": "lectureweek"}}, {"model": "contenttypes.contenttype", "pk": 13, "fields": {"app_label": "lectures", "model": "lesson"}}, {"model": "contenttypes.contenttype", "pk": 14, "fields": {"app_label": "grade", "model": "grade"}}, {"model": "contenttypes.contenttype", "pk": 15, "fields": {"app_label": "comment", "model": "comment"}}, {"model": "contenttypes.contenttype", "pk": 16, "fields": {"app_label": "link", "model": "link"}}, {"model": "contenttypes.contenttype", "pk": 17, "fields": {"app_label": "group", "model": "group"}}, {"model": "sessions.session", "pk": "jycf26g174p58t124s3yy27dtimgov5x", "fields": {"session_data": ".eJxVjEEOwiAQRe_C2hCGSAGX7j0DGWYGqRqalHbVeHdt0oVu_3vvbyrhutS0dpnTyOqiQJ1-t4z0lLYDfmC7T5qmtsxj1ruiD9r1bWJ5XQ_376Bir9_auCilYEBB4shGPDkTQxE-Q2ZPYNF5QBqQyQY0ASLZKNYVG8PgQL0_GiM4mA:1l7lqC:i4K_2p3cdgEb3Jlh98ObSpjYKqgbFMGaoskYoQ74CVU", "expire_date": "2021-02-18T21:07:04.573Z"}}, {"model": "user.user", "pk": 1, "fields": {"password": "pbkdf2_sha256$216000$dj0cDKQxc3oO$FBgc9DYDBT15BZSBtwwgdfLYS60U+8ASuGsuJHyGOTk=", "last_login": "2021-02-04T21:07:04.569Z", "is_superuser": true, "username": "Michaela", "date_joined": "2021-01-27T16:44:28.834Z", "email": "michaela.satarova.ml@gmail.com", "first_name": "Michaela", "last_name": "Satarova", "country": "Slovakia", "city": "Bern", "zip_code": "98531", "street": "Fidmenstrasse", "about": "Lorem Ipsum is simply dummy text of the printing and typesetting industry. Lorem Ipsum has been the industry's standard dummy text ever since the 1500s, when an unknown printer took a galley of type and scrambled", "profile_picture": "users/Michaela/michaela.png", "status": "Student", "is_staff": true, "is_active": true, "gitlabe_profile": "https://css-tricks.com/snippets/css/transparent-background-images/", "program": 1, "company": null, "groups": [], "user_permissions": []}}, {"model": "user.user", "pk": 2, "fields": {"password": "pbkdf2_sha256$216000$SRd3cQVqWncD$3Uvbs3GHmpcdSyGJyBBOVDe+mO6xt1QoGzLRtsJoWRs=", "last_login": null, "is_superuser": false, "username": "Salvatore", "date_joined": "2021-01-27T16:48:40.637Z", "email": "salvatore.dinini@gmail.com", "first_name": "Salvatore", "last_name": "Dinini", "country": "Italy", "city": "Roma", "zip_code": "154842", "street": "Nostra Strada", "about": "Lorem ipsum dolor sit amet, consectetur adipiscing elit. Ut commodo tellus imperdiet nulla tempus finibus. Donec hendrerit elementum felis, tincidunt placerat tortor gravida eget. Mauris elementum nunc ac tincidunt ullamcorper.", "profile_picture": "users/Salvatore/salvatore.png", "status": "Student", "is_staff": true, "is_active": true, "gitlabe_profile": "https://gitlab.propulsion-home.ch/michaela-atarova/week-7/day-2/motion", "program": 1, "company": null, "groups": [1], "user_permissions": []}}, {"model": "user.user", "pk": 3, "fields": {"password": "", "last_login": null, "is_superuser": false, "username": "Salomon", "date_joined": "2021-01-27T16:53:20.476Z", "email": "salomon.adler@gmail.com", "first_name": "Salomon", "last_name": "Adler", "country": "Switzerland", "city": "Zurich", "zip_code": "98531", "street": "Fidmenstrasse", "about": "Lorem ipsum dolor sit amet, consectetur adipiscing elit. Ut commodo tellus imperdiet nulla tempus finibus. Donec hendrerit elementum felis, tincidunt placerat tortor gravida eget. Mauris elementum nunc ac tincidunt ullamcorper.", "profile_picture": "users/Salomon/salomon.png", "status": "Student", "is_staff": true, "is_active": true, "gitlabe_profile": "https://gitlab.propulsion-home.ch/michaela-atarova/week-7/day-2/motion", "program": 1, "company": null, "groups": [1], "user_permissions": []}}, {"model": "user.user", "pk": 4, "fields": {"password": "pbkdf2_sha256$216000$rOzLE0lbU4Dg$lAzGeNN160hHhOyQ3dT97Ohx6RSyLPaQGC6OkaAq99U=", "last_login": null, "is_superuser": false, "username": "Patrick", "date_joined": "2021-01-30T17:36:59.872Z", "email": "patrick.roth@gmail.com", "first_name": "Patrick", "last_name": "Roth", "country": "Switzerland", "city": "Bern", "zip_code": "98531", "street": "Fidmenstrasse", "about": "", "profile_picture": "users/Patrick/patrick.png", "status": "Student", "is_staff": true, "is_active": true, "gitlabe_profile": "https://gitlab.propulsion-home.ch/michaela-atarova/week-7/day-2/motion", "program": 1, "company": null, "groups": [1], "user_permissions": []}}, {"model": "user.user", "pk": 5, "fields": {"password": "pbkdf2_sha256$216000$16SFQJymwLue$qVQz4fWQHLc9hZL11Zb0wWl9ilL0YdSOQE7AT9uQi4A=", "last_login": null, "is_superuser": false, "username": "Michelle", "date_joined": "2021-01-30T17:39:44.668Z", "email": "michelle.lundak@gmail.com", "first_name": "Michelle", "last_name": "Lundak", "country": "Italy", "city": "Naples", "zip_code": "5845", "street": "Strada", "about": "Lorem ipsum dolor sit amet, consectetur adipiscing elit. Ut commodo tellus imperdiet nulla tempus finibus. Donec hendrerit elementum felis, tincidunt placerat tortor gravida eget. Mauris elementum nunc ac tincidunt ullamcorper.", "profile_picture": "users/Michelle/michelle.png", "status": "Student", "is_staff": true, "is_active": true, "gitlabe_profile": "https://gitlab.propulsion-home.ch/michaela-atarova/week-7/day-2/motion", "program": 1, "company": null, "groups": [1], "user_permissions": []}}, {"model": "user.user", "pk": 6, "fields": {"password": "pbkdf2_sha256$216000$iVhnvr6iMisq$RHqxBlmBFrD+/u7ZbgsJ22tBXgNGmkdm2jwDRrXsFZw=", "last_login": null, "is_superuser": false, "username": "Marco", "date_joined": "2021-01-30T17:40:22.533Z", "email": "marco.volken@gmail.com", "first_name": "Marco", "last_name": "Volken", "country": "Switzerland", "city": "Sankt Galen", "zip_code": "6549", "street": "Main", "about": "Lorem ipsum dolor sit amet, consectetur adipiscing elit. Ut commodo tellus imperdiet nulla tempus finibus. Donec hendrerit elementum felis, tincidunt placerat tortor gravida eget. Mauris elementum nunc ac tincidunt ullamcorper.", "profile_picture": "users/Marco/marco.png", "status": "Student", "is_staff": true, "is_active": true, "gitlabe_profile": "https://www.google.com/search?q=teaching+programming&tbm=isch&ved=2ahUKEwjjzoaS077uAhUGgRoKHdUmBJUQ2", "program": 1, "company": null, "groups": [1], "user_permissions": []}}, {"model": "user.user", "pk": 7, "fields": {"password": "pbkdf2_sha256$216000$IBO6nsSdBoYL$epIoUjbzznutsPN8gekIgPxDudY3j6Bk9vDpg92zcr0=", "last_login": null, "is_superuser": false, "username": "Immanuel", "date_joined": "2021-01-30T17:40:52.791Z", "email": "immanuel.jaeggi@gmail.com", "first_name": "Immanuel", "last_name": "Jaeggi", "country": "Switzerland", "city": "Bern", "zip_code": "98531", "street": "Abeggweg", "about": "Lorem ipsum dolor sit amet, consectetur adipiscing elit. Ut commodo tellus imperdiet nulla tempus finibus. Donec hendrerit elementum felis, tincidunt placerat tortor gravida eget. Mauris elementum nunc ac tincidunt ullamcorper.", "profile_picture": "users/Immanuel/bg2.jpg", "status": "Student", "is_staff": true, "is_active": true, "gitlabe_profile": "https://gitlab.propulsion-home.ch/michaela-atarova/week-7/day-2/motion", "program": 1, "company": null, "groups": [1], "user_permissions": []}}, {"model": "user.user", "pk": 8, "fields": {"password": "pbkdf2_sha256$216000$54RwmUs9esTj$05hqLcvayCQe91gefoBWjbJrq/MyOUl1dfgYtScBADk=", "last_login": null, "is_superuser": false, "username": "Michal", "date_joined": "2021-01-30T17:43:57.422Z", "email": "michal.wyszovsky@gmail.com", "first_name": "Michal", "last_name": "Wyszovsky", "country": "Poland", "city": "Warshaw", "zip_code": "516852", "street": "Nejaka", "about": "Lorem ipsum dolor sit amet, consectetur adipiscing elit. Ut commodo tellus imperdiet nulla tempus finibus. Donec hendrerit elementum felis, tincidunt placerat tortor gravida eget. Mauris elementum nunc ac tincidunt ullamcorper.", "profile_picture": "users/Michal/michal.png", "status": "Student", "is_staff": true, "is_active": true, "gitlabe_profile": "https://css-tricks.com/snippets/css/transparent-background-images/", "program": 1, "company": null, "groups": [1], "user_permissions": []}}, {"model": "user.user", "pk": 9, "fields": {"password": "pbkdf2_sha256$216000$r9nuQzkjxRuU$DjBn3g+B1YKfI0pFlQqoo1U29hu4MCySIzzO0mnI5P8=", "last_login": null, "is_superuser": false, "username": "Hugo", "date_joined": "2021-01-30T17:53:36.568Z", "email": "hugo.costa@gmail.com", "first_name": "Hugo", "last_name": "Costa", "country": "Portugal", "city": "Some city", "zip_code": "2218525", "street": "Street", "about": "Lorem ipsum dolor sit amet, consectetur adipiscing elit. Ut commodo tellus imperdiet nulla tempus finibus. Donec hendrerit elementum felis, tincidunt placerat tortor gravida eget. Mauris elementum nunc ac tincidunt ullamcorper.", "profile_picture": "", "status": "Teacher", "is_staff": true, "is_active": true, "gitlabe_profile": "https://css-tricks.com/snippets/css/transparent-background-images/", "program": null, "company": null, "groups": [], "user_permissions": []}}, {"model": "user.user", "pk": 10, "fields": {"password": "pbkdf2_sha256$216000$70dpa7Y1T9yL$VL2Ixqp+DERaGj4CBFmZOVdQFvTnt8A2w1TNUxJxmFA=", "last_login": null, "is_superuser": false, "username": "Guillaume", "date_joined": "2021-01-30T17:55:45.772Z", "email": "guillame.robert@gmail.com", "first_name": "Guillaume", "last_name": "Robert", "country": "Switzerland", "city": "Zurich", "zip_code": "8005", "street": "Aargauerstrasse", "about": "Lorem ipsum dolor sit amet, consectetur adipiscing elit. Ut commodo tellus imperdiet nulla tempus finibus. Donec hendrerit elementum felis, tincidunt placerat tortor gravida eget. Mauris elementum nunc ac tincidunt ullamcorper.", "profile_picture": "users/Guillaume/guillaume.png", "status": "Teacher", "is_staff": true, "is_active": true, "gitlabe_profile": null, "program": null, "company": null, "groups": [], "user_permissions": []}}, {"model": "user.user", "pk": 11, "fields": {"password": "pbkdf2_sha256$216000$2yeaUPmw1Z0P$NA9Ppgz13A43lO4obpo1eN2NgUXCSXoIV6hGayvRrhM=", "last_login": null, "is_superuser": false, "username": "Ruben", "date_joined": "2021-01-30T17:56:25.213Z", "email": "ruben.viallon@gmail.com", "first_name": "Ruben", "last_name": "Viallon", "country": "Switzerland", "city": "Zurich", "zip_code": "98531", "street": null, "about": "Lorem ipsum dolor sit amet, consectetur adipiscing elit. Ut commodo tellus imperdiet nulla tempus finibus. Donec hendrerit elementum felis, tincidunt placerat tortor gravida eget. Mauris elementum nunc ac tincidunt ullamcorper.", "profile_picture": "users/Ruben/ruben_q1GZgbA.png", "status": "Teacher", "is_staff": true, "is_active": true, "gitlabe_profile": "https://css-tricks.com/snippets/css/transparent-background-images/", "program": null, "company": null, "groups": [], "user_permissions": []}}, {"model": "user.user", "pk": 12, "fields": {"password": "pbkdf2_sha256$216000$hVl8JV0zTlLa$kckT9crhnnW+NXLgjzUIkVSbj4WEq1SOUD6hPCwvrI8=", "last_login": null, "is_superuser": true, "username": "Admin", "date_joined": "2021-02-04T21:05:52.760Z", "email": "admin@admin.com", "first_name": "Admin", "last_name": "Admin", "country": null, "city": null, "zip_code": null, "street": null, "about": null, "profile_picture": "", "status": "Teacher", "is_staff": true, "is_active": true, "gitlabe_profile": null, "program": null, "company": null, "groups": [], "user_permissions": []}}, {"model": "user.user", "pk": 13, "fields": {"password": "pbkdf2_sha256$216000$ZIilvGlt4nPc$gvJ3agJawzVZ7/xOTDWU9bPG4rPYb2S6lCxSeU5TA2Y=", "last_login": null, "is_superuser": false, "username": "Thomas", "date_joined": "2021-02-04T21:10:05.904Z", "email": "thomas.massie@gmail.com", "first_name": "Thomas", "last_name": "Massie", "country": "Germany", "city": "Frankfurn", "zip_code": "60306", "street": "Goethestrasse.", "about": "Lorem ipsum dolor sit amet, consectetur adipiscing elit. Vestibulum sodales est convallis, interdum nisl quis, dapibus nisl. In odio risus, condimentum vitae ullamcorper et, suscipit quis purus. Vivamus et urna.", "profile_picture": "users/Thomas/thomas.png", "status": "Student", "is_staff": true, "is_active": true, "gitlabe_profile": null, "program": 1, "company": null, "groups": [], "user_permissions": []}}, {"model": "user.user", "pk": 14, "fields": {"password": "pbkdf2_sha256$216000$wkhpVc04NBmx$63g/lSQnpZA57moI1gN8lYBbXijz0DaV/38TOs/oINI=", "last_login": null, "is_superuser": false, "username": "Sebastian", "date_joined": "2021-02-05T07:49:21.002Z", "email": "sebastian.mattmuller@gmail.com", "first_name": "Seabastian", "last_name": "Mattmuller", "country": "Switzerland", "city": "Zurich", "zip_code": "Heinrichstrasse", "street": "8005", "about": "Lorem ipsum dolor sit amet, consectetur adipiscing elit. Vivamus placerat tincidunt tincidunt. Vivamus maximus sed lorem nec tristique. Integer porttitor congue ligula. Class aptent taciti sociosqu ad litora torquent per.", "profile_picture": "users/Sebastian/sebastian.png", "status": "Teacher", "is_staff": true, "is_active": true, "gitlabe_profile": null, "program": null, "company": null, "groups": [], "user_permissions": []}}, {"model": "user.user", "pk": 15, "fields": {"password": "pbkdf2_sha256$216000$OPP2zURBwSww$Bguu+cXOVJrZ3Ktw9oWYjUqOdbuTnJtc92vTu+bsWgA=", "last_login": null, "is_superuser": false, "username": "Cedric", "date_joined": "2021-02-05T07:52:45.144Z", "email": "cedric.delacombaz@gmail.com", "first_name": "Cedric", "last_name": "Delacombaz", "country": "Switzerland", "city": "Zurich", "zip_code": "Heinrichstrasse", "street": "8005", "about": "Lorem ipsum dolor sit amet, consectetur adipiscing elit. Vivamus placerat tincidunt tincidunt. Vivamus maximus sed lorem nec tristique. Integer porttitor congue ligula. Class aptent taciti sociosqu ad litora torquent per.", "profile_picture": "users/Cedric/cedric.png", "status": "Teacher", "is_staff": true, "is_active": true, "gitlabe_profile": null, "program": null, "company": null, "groups": [], "user_permissions": []}}, {"model": "user.user", "pk": 16, "fields": {"password": "pbkdf2_sha256$216000$LxAiNCBtKEiA$7JcQS6MbPxMglGJ5YIHgQIdapRnCG8IknPznbKPHw0s=", "last_login": null, "is_superuser": false, "username": "Llorenc", "date_joined": "2021-02-05T07:55:21.598Z", "email": "llorenc.muntaner@gmail.com", "first_name": "Llorenc", "last_name": "Muntaner", "country": "Switzerland", "city": "Zurich", "zip_code": "Heinrichstrasse", "street": "8005", "about": "Lorem ipsum dolor sit amet, consectetur adipiscing elit. Vivamus placerat tincidunt tincidunt. Vivamus maximus sed lorem nec tristique. Integer porttitor congue ligula. Class aptent taciti sociosqu ad litora torquent per.", "profile_picture": "users/Llorenc/llorenc.png", "status": "Teacher", "is_staff": true, "is_active": true, "gitlabe_profile": null, "program": null, "company": null, "groups": [], "user_permissions": []}}, {"model": "user.user", "pk": 17, "fields": {"password": "pbkdf2_sha256$216000$apYfZ4rMnaC0$c4++p+30lMZK9xJ+FnJ4M0m+7ktV87ZFn6rR4G6omSc=", "last_login": null, "is_superuser": false, "username": "Manuel", "date_joined": "2021-02-05T07:58:13.448Z", "email": "manuel.lang@gmail.com", "first_name": "Manuel", "last_name": "Lang", "country": "Switzerland", "city": "Zurich", "zip_code": "Heinrichstrasse", "street": "8005", "about": "Lorem ipsum dolor sit amet, consectetur adipiscing elit. Vivamus placerat tincidunt tincidunt. Vivamus maximus sed lorem nec tristique. Integer porttitor congue ligula. Class aptent taciti sociosqu ad litora torquent per.", "profile_picture": "", "status": "Teacher", "is_staff": true, "is_active": true, "gitlabe_profile": null, "program": null, "company": null, "groups": [], "user_permissions": []}}, {"model": "user.user", "pk": 18, "fields": {"password": "pbkdf2_sha256$216000$tjhBACIsR4CN$QYFm5niRJu5slcbohSIA85v84u2u+o8fIfp+EFDdru0=", "last_login": null, "is_superuser": false, "username": "Sophia", "date_joined": "2021-02-05T08:00:27.322Z", "email": "sophia@gmail.com", "first_name": "Sophia", "last_name": "Propulsion", "country": "Switzerland", "city": "Zurich", "zip_code": "Heinrichstrasse", "street": "8005", "about": "Lorem ipsum dolor sit amet, consectetur adipiscing elit. Vivamus placerat tincidunt tincidunt. Vivamus maximus sed lorem nec tristique. Integer porttitor congue ligula. Class aptent taciti sociosqu ad litora torquent per.", "profile_picture": "users/Sophia/sophia.png", "status": "Teacher", "is_staff": true, "is_active": true, "gitlabe_profile": null, "program": null, "company": null, "groups": [], "user_permissions": []}}, {"model": "user.user", "pk": 19, "fields": {"password": "pbkdf2_sha256$216000$gkmB7LfJa6JD$rV8Mp7p6ejZ/arOdMCyToSp00uGYPyRaRh/+j0Wesbk=", "last_login": null, "is_superuser": false, "username": "Thorben", "date_joined": "2021-02-05T08:21:54.021Z", "email": "thorben.croise@gmail.com", "first_name": "Thorben", "last_name": "Croise", "country": "Switzerland", "city": "Zurich", "zip_code": "Heinrichstrasse", "street": "8005", "about": "Lorem ipsum dolor sit amet, consectetur adipiscing elit. Vivamus placerat tincidunt tincidunt. Vivamus maximus sed lorem nec tristique. Integer porttitor congue ligula. Class aptent taciti sociosqu ad litora torquent per.", "profile_picture": "users/Thorben/throben_cXeEItR.png", "status": "Teacher", "is_staff": true, "is_active": true, "gitlabe_profile": null, "program": null, "company": null, "groups": [], "user_permissions": []}}, {"model": "user.user", "pk": 20, "fields": {"password": "pbkdf2_sha256$216000$L8pNiFAOv42y$8S5EVbknHvzk4paxgEYjBO9N4Z5OVL9/DjC9CypXXfQ=", "last_login": null, "is_superuser": false, "username": "Yusef", "date_joined": "2021-02-05T08:23:32.921Z", "email": "yusef.habib@gmail.com", "first_name": "Yusef", "last_name": "Habib", "country": "Switzerland", "city": "Zurich", "zip_code": "Heinrichstrasse", "street": "8005", "about": "Lorem ipsum dolor sit amet, consectetur adipiscing elit. Vivamus placerat tincidunt tincidunt. Vivamus maximus sed lorem nec tristique. Integer porttitor congue ligula. Class aptent taciti sociosqu ad litora torquent per.", "profile_picture": "users/Yusef/yusef.png", "status": "Teacher", "is_staff": true, "is_active": true, "gitlabe_profile": null, "program": null, "company": null, "groups": [], "user_permissions": []}}, {"model": "lectures.lecture", "pk": 1, "fields": {"title": "Javascript fundamentals and HTML/CSS", "exercise": "Javascript exercises", "description": "JavaScript is a multi-paradigm, dynamic language with types and operators, standard built-in objects, and methods. Its syntax is based on the Java and C languages  many structures from those languages apply to JavaScript as well.", "expertise": "", "date": "2020-11-09", "week": 1, "weekday": 1, "programs": [3, 1]}}, {"model": "lectures.lecture", "pk": 2, "fields": {"title": "Object oriented and Functional programing", "exercise": "OOP Exercises", "description": "The first and most important lesson for OOP in Javascript is to understand that there are no Classes in Javascript. Instances are just objects, plain objects.", "expertise": "", "date": "2020-11-10", "week": 1, "weekday": 2, "programs": [3, 1]}}, {"model": "lectures.lecture", "pk": 3, "fields": {"title": "Javascript and Canvas", "exercise": "Pin Pong", "description": "The main difference between synchronous and asynchronous code is whether the execution of the next line of code will wait for the previous one to finish.", "expertise": "", "date": "2020-11-11", "week": 1, "weekday": 3, "programs": [3, 1]}}, {"model": "lectures.lecture", "pk": 4, "fields": {"title": "HTML5 and CSS3", "exercise": "Chessboard", "description": "HTML is the foundation of all web pages. Without HTML, you would not be able to organize text, add images or videos to web pages. HTML is the beginning of everything you need to know to create and design websites.", "expertise": "", "date": "2020-11-12", "week": 1, "weekday": 4, "programs": [3, 1]}}, {"model": "lectures.lecture", "pk": 5, "fields": {"title": "Node, NPM and SASS", "exercise": "explaining tags", "description": "Once you start tinkering with Sass, it will take your preprocessed Sass file and save it as a normal CSS file that you can use in your website.", "expertise": "", "date": "2020-11-13", "week": 1, "weekday": 5, "programs": [3, 1]}}, {"model": "lectures.lecture", "pk": 6, "fields": {"title": "Webservers and Protocols", "exercise": "Digitalocean Droplets", "description": "The so-called client-server model is the most common way of how distributed systems are structured. In this model, a client usually requests a specific resource (e.g. website, pictures, music) from a server.", "expertise": "", "date": "2020-11-16", "week": 2, "weekday": 1, "programs": [3, 1]}}, {"model": "lectures.lecture", "pk": 7, "fields": {"title": "Rest APIs & JSON & Postman", "exercise": "Star Wars Book", "description": "When a RESTful API is called the server will send to the client the current state of requested information. The majority of the the APIs send the information in JSON format. JSON is nothing more than text structured in a particular way (it looks like nested objects).", "expertise": "", "date": "2020-11-17", "week": 2, "weekday": 2, "programs": [3, 1]}}, {"model": "lectures.lecture", "pk": 8, "fields": {"title": "JavaScript Hackathon", "exercise": "Javascript exercises", "description": "Today you are going to have a JavaScript Hackathon group challenge. You are going to start working on branches on Git, this way you can have the first taste of coding collaboration.", "expertise": "", "date": "2020-11-18", "week": 2, "weekday": 3, "programs": [3, 1]}}, {"model": "lectures.lecture", "pk": 9, "fields": {"title": "Getting Started With React", "exercise": "Dancing Floor", "description": "Today we are covering the most awesome framework - React", "expertise": "", "date": "2020-11-19", "week": 2, "weekday": 4, "programs": [3, 1]}}, {"model": "lectures.lecture", "pk": 10, "fields": {"title": "React Forms", "exercise": "Contact Book App with React", "description": "When working with forms in React, we will encounter articles and documentation about how the values from the forms in the component are handled, they are referred as Controlled and Uncontrolled. The most used and recommended is Controlled components.", "expertise": "", "date": "2020-11-20", "week": 2, "weekday": 5, "programs": [3, 1]}}, {"model": "lectures.lecture", "pk": 11, "fields": {"title": "REST API and React lifecycle methods", "exercise": "Star Wars Book", "description": "This will be a short introduction to Internet Networking. It is mainly focused on what happens in the browser. Which is also called the client.", "expertise": "", "date": "2020-11-23", "week": 3, "weekday": 1, "programs": [3, 1]}}, {"model": "lectures.lecture", "pk": 12, "fields": {"title": "Getting Started with Redux", "exercise": "Redux Counter and Redux Todo List", "description": "We have only learned to use React State. However, this state lives in one single component and it cannot be accessed easily by other components.", "expertise": "", "date": "2020-11-24", "week": 3, "weekday": 2, "programs": []}}, {"model": "lectures.lecture", "pk": 13, "fields": {"title": "React Router and Redux Thunk", "exercise": "Trivial", "description": "While a combination of the protocol and the hostname direct us to a certain website, its the pathname that references a specific resource on that site. So the pathname references a specific location in our application.", "expertise": "", "date": "2020-11-25", "week": 3, "weekday": 3, "programs": [3, 1]}}, {"model": "lectures.lecture", "pk": 14, "fields": {"title": "Authentication and Custom Middleware", "exercise": "Shopping Cart 1/2", "description": "Every App is different and require a costume structure, however with experience you will manage it better and better every time.", "expertise": "", "date": "2020-11-26", "week": 3, "weekday": 4, "programs": [3, 1]}}, {"model": "lectures.lecture", "pk": 15, "fields": {"title": "React Hooks and High Order Component", "exercise": "Shopping Cart 2/2", "description": "The latest versions of React comes with a new feature called Hooks. With this addition, components are no longer written as classes but as functions.", "expertise": "", "date": "2020-11-27", "week": 3, "weekday": 5, "programs": [3, 1]}}, {"model": "lectures.lecture", "pk": 16, "fields": {"title": "Motion Assignment Frontend", "exercise": "Motion Assignment 1/5", "description": "This is a full week assignment. You have to go as far as you can and at the same the opportunity to be creative. We would like you to be considering Code Quality as well, focusing on understanding t", "expertise": "", "date": "2020-11-30", "week": 4, "weekday": 1, "programs": [3, 1]}}, {"model": "lectures.lecture", "pk": 17, "fields": {"title": "Motion Assignment Frontend", "exercise": "Motion Assignment 2/5", "description": "This is a full week assignment. You have to go as far as you can and at the same the opportunity to be creative. We would like you to be considering Code Quality as well, focusing on understanding t", "expertise": "", "date": "2020-12-01", "week": 4, "weekday": 2, "programs": [3, 1]}}, {"model": "lectures.lecture", "pk": 18, "fields": {"title": "Motion Assignment Frontend", "exercise": "Motion Assignment 3/5", "description": "This is a full week assignment. You have to go as far as you can and at the same the opportunity to be creative. We would like you to be considering Code Quality as well, focusing on understanding t", "expertise": "", "date": "2020-12-02", "week": 4, "weekday": 3, "programs": [3, 1]}}, {"model": "lectures.lecture", "pk": 19, "fields": {"title": "Motion Assignment Frontend", "exercise": "Motion Assignment 4/5", "description": "This is a full week assignment. You have to go as far as you can and at the same the opportunity to be creative. We would like you to be considering Code Quality as well, focusing on understanding t", "expertise": "", "date": "2020-12-03", "week": 4, "weekday": 4, "programs": [3, 1]}}, {"model": "lectures.lecture", "pk": 20, "fields": {"title": "Motion Assignment Frontend", "exercise": "Motion Assignment 5/5", "description": "This is a full week assignment. You have to go as far as you can and at the same the opportunity to be creative. We would like you to be considering Code Quality as well, focusing on understanding t", "expertise": "", "date": "2020-12-04", "week": 4, "weekday": 5, "programs": [3, 1]}}, {"model": "lectures.lecture", "pk": 24, "fields": {"title": "JS Interview prep I: Algorithms", "exercise": "Interview Preparation part 1 - Algorithms", "description": "Today is all about algorithms and their complexity. Similar to data structures, algorithms are a fundamental concept of Computer Science, and you will be able to apply these concepts to any programmin", "expertise": "", "date": "2020-12-07", "week": 5, "weekday": 1, "programs": [3, 1]}}, {"model": "lectures.lecture", "pk": 25, "fields": {"title": "JS Interview prep II: Data Structures", "exercise": "Interview Preparation part 2 - Data Structures", "description": "Today we will introduce you to data structures, a fundamental concept that can be applied to every programming language, not only JavaScript..", "expertise": "", "date": "2020-12-08", "week": 5, "weekday": 2, "programs": [3, 1]}}, {"model": "lectures.lecture", "pk": 26, "fields": {"title": "Python Fundamentals", "exercise": "Python Exercises", "description": "This series of exercises will help you gain more confidence with your coding and help solidify the needed basic skills.", "expertise": "", "date": "2020-12-09", "week": 5, "weekday": 3, "programs": [3, 1]}}, {"model": "lectures.lecture", "pk": 27, "fields": {"title": "Advanced Python & OOP", "exercise": "Python Exercises", "description": "Today we are going deep into functions, functional programming, code style and best practices as well as OOP in python.", "expertise": "", "date": "2020-12-10", "week": 5, "weekday": 4, "programs": [1, 3]}}, {"model": "lectures.lecture", "pk": 28, "fields": {"title": "SQL & Databases", "exercise": "Simple TODO App", "description": "A database is a collection of information. Almost every website you visit is running a database under the hood. Consider the Facebook for example", "expertise": "", "date": "2020-12-11", "week": 5, "weekday": 5, "programs": [1, 3]}}, {"model": "lectures.lecture", "pk": 29, "fields": {"title": "Basics of Django", "exercise": "Recipe management API", "description": "The Web framework for perfectionists with deadlines.", "expertise": "", "date": "2020-12-14", "week": 6, "weekday": 1, "programs": [1, 3]}}, {"model": "lectures.lecture", "pk": 30, "fields": {"title": "Django REST Framework", "exercise": "Recipe and cookbook management API", "description": "Lorem ipsum dolor sit amet, consectetur adipiscing elit. Ut commodo tellus imperdiet nulla tempus finibus. Donec hendrerit elementum felis, tincidunt placerat tortor gravida eget. Mauris elementum nunc ac tincidunt ullamcorper.", "expertise": "", "date": "2021-02-16", "week": 6, "weekday": 2, "programs": [1, 3]}}, {"model": "lectures.lecture", "pk": 31, "fields": {"title": "Advanced Django REST Framework", "exercise": "Recipe and cookbook management API", "description": "Lorem ipsum dolor sit amet, consectetur adipiscing elit. Ut commodo tellus imperdiet nulla tempus finibus. Donec hendrerit elementum felis, tincidunt placerat tortor gravida eget. Mauris elementum nunc ac tincidunt ullamcorper.", "expertise": "", "date": "2021-02-17", "week": 6, "weekday": 3, "programs": [1, 3]}}, {"model": "lectures.lecture", "pk": 32, "fields": {"title": "Django Review and More", "exercise": "Recipe and cookbook management API", "description": "Lorem ipsum dolor sit amet, consectetur adipiscing elit. Ut commodo tellus imperdiet nulla tempus finibus. Donec hendrerit elementum felis, tincidunt placerat tortor gravida eget. Mauris elementum nunc ac tincidunt ullamcorper.", "expertise": "", "date": "2021-02-18", "week": 6, "weekday": 4, "programs": [1, 3]}}, {"model": "lectures.lecture", "pk": 33, "fields": {"title": "Django Motion Assignment", "exercise": "Django Motion Assignment 1/2", "description": "This will be the beginning of the backend for your social media app, Motion. You have until next Monday evening to work on it.", "expertise": "", "date": "2021-02-19", "week": 6, "weekday": 5, "programs": [1, 3]}}, {"model": "lectures.program", "pk": 1, "fields": {"name": "Full Stack bootcamp 14", "description": "Become a Full-Stack developer in 12 weeks by learning the software development cycle using JavaScript and Python, two of todays hottest languages. Attend in-person or remote."}}, {"model": "lectures.program", "pk": 3, "fields": {"name": "Full Stack bootcamp 15", "description": "Gain the skills to launch a career in web development, from JavaScript to Python. Build websites, APIs, interactive applications, and more"}}, {"model": "lectures.program", "pk": 4, "fields": {"name": "Data Science 14", "description": "Master the basics of machine learning to forecast whats next and predict patterns from large datasets using Python"}}, {"model": "lectures.lectureweek", "pk": 1, "fields": {"title": "Week1", "sort": 0}}, {"model": "lectures.lectureweek", "pk": 2, "fields": {"title": "week 2", "sort": 0}}, {"model": "lectures.lectureweek", "pk": 3, "fields": {"title": "Week 3", "sort": 0}}, {"model": "lectures.lectureweek", "pk": 4, "fields": {"title": "Week 4", "sort": 0}}, {"model": "lectures.lectureweek", "pk": 5, "fields": {"title": "Week 5", "sort": 0}}, {"model": "lectures.lectureweek", "pk": 6, "fields": {"title": "Week 6", "sort": 0}}, {"model": "lectures.lectureweek", "pk": 7, "fields": {"title": "Week 7", "sort": 0}}, {"model": "lectures.lectureweek", "pk": 8, "fields": {"title": "Week 8", "sort": 0}}, {"model": "lectures.lectureweek", "pk": 9, "fields": {"title": "Week 9", "sort": 0}}, {"model": "lectures.lectureweek", "pk": 10, "fields": {"title": "Week 10 -12", "sort": 0}}, {"model": "lectures.lesson", "pk": 7, "fields": {"lecture": 1, "date": "2020-11-09", "start_time": "9:00", "end_time": "13:45", "teacher": 10, "speakers": null}}, {"model": "lectures.lesson", "pk": 8, "fields": {"lecture": 2, "date": "2020-11-10", "start_time": "9:00", "end_time": "12:00", "teacher": 10, "speakers": null}}, {"model": "lectures.lesson", "pk": 9, "fields": {"lecture": 3, "date": "2020-11-11", "start_time": "9:00", "end_time": "12:00", "teacher": 10, "speakers": null}}, {"model": "lectures.lesson", "pk": 10, "fields": {"lecture": 4, "date": "2020-11-12", "start_time": "9:00", "end_time": "12:00", "teacher": 11, "speakers": null}}, {"model": "lectures.lesson", "pk": 11, "fields": {"lecture": 5, "date": "2020-11-13", "start_time": "9:00", "end_time": "12:00", "teacher": 11, "speakers": null}}, {"model": "lectures.lesson", "pk": 12, "fields": {"lecture": 6, "date": "2020-11-16", "start_time": "9:00", "end_time": "12:00", "teacher": 17, "speakers": null}}, {"model": "lectures.lesson", "pk": 13, "fields": {"lecture": 7, "date": "2020-11-16", "start_time": "9:00", "end_time": "12:00", "teacher": 10, "speakers": null}}, {"model": "lectures.lesson", "pk": 14, "fields": {"lecture": 8, "date": "2020-11-18", "start_time": "9:00", "end_time": "12:00", "teacher": 11, "speakers": null}}, {"model": "lectures.lesson", "pk": 15, "fields": {"lecture": 9, "date": "2020-11-18", "start_time": "9:00", "end_time": "12:00", "teacher": 16, "speakers": null}}, {"model": "lectures.lesson", "pk": 16, "fields": {"lecture": 10, "date": "2020-12-18", "start_time": "9:00", "end_time": "12:00", "teacher": 16, "speakers": null}}, {"model": "lectures.lesson", "pk": 17, "fields": {"lecture": 11, "date": "2020-11-23", "start_time": "9:00", "end_time": "12:00", "teacher": 16, "speakers": null}}, {"model": "lectures.lesson", "pk": 18, "fields": {"lecture": 12, "date": "2020-11-24", "start_time": "9:00", "end_time": "12:00", "teacher": 16, "speakers": null}}, {"model": "lectures.lesson", "pk": 19, "fields": {"lecture": 13, "date": "2020-11-25", "start_time": "9:00", "end_time": "12:00", "teacher": 16, "speakers": null}}, {"model": "lectures.lesson", "pk": 20, "fields": {"lecture": 14, "date": "2020-11-26", "start_time": "9:00", "end_time": "12:00", "teacher": 16, "speakers": null}}, {"model": "lectures.lesson", "pk": 21, "fields": {"lecture": 15, "date": "2020-11-27", "start_time": "9:00", "end_time": "12:00", "teacher": 18, "speakers": null}}, {"model": "lectures.lesson", "pk": 22, "fields": {"lecture": 20, "date": "2020-11-30", "start_time": null, "end_time": null, "teacher": 11, "speakers": null}}, {"model": "lectures.lesson", "pk": 23, "fields": {"lecture": 24, "date": "2020-12-07", "start_time": "9:00", "end_time": "12:00", "teacher": 17, "speakers": null}}, {"model": "lectures.lesson", "pk": 24, "fields": {"lecture": 26, "date": "2020-12-09", "start_time": "9:00", "end_time": "13:45", "teacher": 19, "speakers": null}}, {"model": "lectures.lesson", "pk": 25, "fields": {"lecture": 27, "date": "2020-12-10", "start_time": "9:00", "end_time": "13:45", "teacher": 19, "speakers": null}}, {"model": "lectures.lesson", "pk": 26, "fields": {"lecture": 28, "date": "2020-12-11", "start_time": "9:00", "end_time": "12:00", "teacher": 14, "speakers": null}}, {"model": "lectures.lesson", "pk": 27, "fields": {"lecture": 29, "date": "2020-12-14", "start_time": "9:00", "end_time": "12:00", "teacher": 15, "speakers": null}}, {"model": "lectures.lesson", "pk": 28, "fields": {"lecture": 30, "date": "2020-12-22", "start_time": "9:00", "end_time": "12:00", "teacher": 15, "speakers": null}}, {"model": "lectures.lesson", "pk": 29, "fields": {"lecture": 31, "date": "2020-12-16", "start_time": "9:00", "end_time": "12:00", "teacher": 15, "speakers": null}}, {"model": "company.company", "pk": 1, "fields": {"name": "michaelas restaurant", "country": "slovakia", "city": "luenec", "zip_code": null, "street": null, "about": "", "phone_number": null, "email": null}}, {"model": "company.company", "pk": 2, "fields": {"name": "Pizza bar", "country": "Swiss", "city": "gersau", "zip_code": null, "street": null, "about": "", "phone_number": null, "email": null}}, {"model": "grade.grade", "pk": 6, "fields": {"grade": 30, "repository": "https://www.google.com/search?q=teaching+programming&tbm=isch&ved=2ahUKEwjjzoaS077uAhUGgRoKHdUmBJUQ2", "student": 4, "reviewer": 5, "lecture": null, "group": null}}, {"model": "grade.grade", "pk": 9, "fields": {"grade": 29, "repository": "https://www.google.com/search?q=teaching+programming&tbm=isch&ved=2ahUKEwjjzoaS077uAhUGgRoKHdUmBJUQ2", "student": 7, "reviewer": 9, "lecture": 1, "group": null}}, {"model": "grade.grade", "pk": 11, "fields": {"grade": 90, "repository": "https://www.google.com/search?q=teaching+programming&tbm=isch&ved=2ahUKEwjjzoaS077uAhUGgRoKHdUmBJUQ2", "student": 6, "reviewer": 10, "lecture": 1, "group": null}}, {"model": "grade.grade", "pk": 12, "fields": {"grade": 80, "repository": "https://www.google.com/search?q=teaching+programming&tbm=isch&ved=2ahUKEwjjzoaS077uAhUGgRoKHdUmBJUQ2", "student": 8, "reviewer": 10, "lecture": null, "group": null}}, {"model": "grade.grade", "pk": 13, "fields": {"grade": 70, "repository": "https://www.google.com/search?q=teaching+programming&tbm=isch&ved=2ahUKEwjjzoaS077uAhUGgRoKHdUmBJUQ2", "student": 5, "reviewer": 9, "lecture": null, "group": null}}, {"model": "grade.grade", "pk": 14, "fields": {"grade": 50, "repository": "https://www.google.com/search?q=teaching+programming&tbm=isch&ved=2ahUKEwjjzoaS077uAhUGgRoKHdUmBJUQ2", "student": 3, "reviewer": 9, "lecture": null, "group": null}}, {"model": "grade.grade", "pk": 15, "fields": {"grade": 12, "repository": "https://www.google.com/search?q=teaching+programming&tbm=isch&ved=2ahUKEwjjzoaS077uAhUGgRoKHdUmBJUQ2", "student": 2, "reviewer": 9, "lecture": 1, "group": null}}, {"model": "grade.grade", "pk": 16, "fields": {"grade": 15, "repository": "https://www.google.com/search?q=teaching+programming&tbm=isch&ved=2ahUKEwjjzoaS077uAhUGgRoKHdUmBJUQ2", "student": 2, "reviewer": 10, "lecture": 2, "group": null}}, {"model": "grade.grade", "pk": 17, "fields": {"grade": 1, "repository": "https://www.google.com/search?q=teaching+programming&tbm=isch&ved=2ahUKEwjjzoaS077uAhUGgRoKHdUmBJUQ2", "student": 2, "reviewer": 10, "lecture": 3, "group": null}}, {"model": "grade.grade", "pk": 18, "fields": {"grade": 2, "repository": "https://www.google.com/search?q=teaching+programming&tbm=isch&ved=2ahUKEwjjzoaS077uAhUGgRoKHdUmBJUQ2", "student": 2, "reviewer": 10, "lecture": 4, "group": null}}, {"model": "grade.grade", "pk": 19, "fields": {"grade": 4, "repository": "https://www.google.com/search?q=teaching+programming&tbm=isch&ved=2ahUKEwjjzoaS077uAhUGgRoKHdUmBJUQ2", "student": 2, "reviewer": 9, "lecture": 5, "group": null}}, {"model": "grade.grade", "pk": 20, "fields": {"grade": 3, "repository": "https://www.google.com/search?q=teaching+programming&tbm=isch&ved=2ahUKEwjjzoaS077uAhUGgRoKHdUmBJUQ2", "student": 7, "reviewer": 10, "lecture": 1, "group": null}}, {"model": "grade.grade", "pk": 21, "fields": {"grade": 4, "repository": "https://www.google.com/search?q=teaching+programming&tbm=isch&ved=2ahUKEwjjzoaS077uAhUGgRoKHdUmBJUQ2", "student": 7, "reviewer": 9, "lecture": 2, "group": null}}, {"model": "grade.grade", "pk": 22, "fields": {"grade": 5, "repository": "https://www.google.com/search?q=teaching+programming&tbm=isch&ved=2ahUKEwjjzoaS077uAhUGgRoKHdUmBJUQ2", "student": 7, "reviewer": 9, "lecture": 3, "group": null}}, {"model": "grade.grade", "pk": 23, "fields": {"grade": 5, "repository": "https://www.google.com/search?q=teaching+programming&tbm=isch&ved=2ahUKEwjjzoaS077uAhUGgRoKHdUmBJUQ2", "student": 7, "reviewer": 9, "lecture": 4, "group": null}}, {"model": "grade.grade", "pk": 24, "fields": {"grade": 7, "repository": "https://www.google.com/search?q=teaching+programming&tbm=isch&ved=2ahUKEwjjzoaS077uAhUGgRoKHdUmBJUQ2", "student": 7, "reviewer": 10, "lecture": 5, "group": null}}, {"model": "grade.grade", "pk": 25, "fields": {"grade": 10, "repository": "https://www.google.com/search?q=teaching+programming&tbm=isch&ved=2ahUKEwjjzoaS077uAhUGgRoKHdUmBJUQ2", "student": 6, "reviewer": 10, "lecture": 1, "group": null}}, {"model": "grade.grade", "pk": 26, "fields": {"grade": 11, "repository": "https://www.google.com/search?q=teaching+programming&tbm=isch&ved=2ahUKEwjjzoaS077uAhUGgRoKHdUmBJUQ2", "student": 6, "reviewer": 10, "lecture": 2, "group": null}}, {"model": "grade.grade", "pk": 27, "fields": {"grade": 12, "repository": "https://www.google.com/search?q=teaching+programming&tbm=isch&ved=2ahUKEwjjzoaS077uAhUGgRoKHdUmBJUQ2", "student": 6, "reviewer": 10, "lecture": 3, "group": null}}, {"model": "grade.grade", "pk": 28, "fields": {"grade": 13, "repository": "https://www.google.com/search?q=teaching+programming&tbm=isch&ved=2ahUKEwjjzoaS077uAhUGgRoKHdUmBJUQ2", "student": 6, "reviewer": 10, "lecture": 4, "group": null}}, {"model": "grade.grade", "pk": 29, "fields": {"grade": 14, "repository": "https://www.google.com/search?q=teaching+programming&tbm=isch&ved=2ahUKEwjjzoaS077uAhUGgRoKHdUmBJUQ2", "student": 6, "reviewer": 9, "lecture": 5, "group": null}}, {"model": "grade.grade", "pk": 30, "fields": {"grade": 0, "repository": "https://www.google.com/search?q=teaching+programming&tbm=isch&ved=2ahUKEwjjzoaS077uAhUGgRoKHdUmBJUQ2", "student": 7, "reviewer": null, "lecture": 6, "group": null}}, {"model": "grade.grade", "pk": 31, "fields": {"grade": 80, "repository": "https://www.google.com/search?q=teaching+programming&tbm=isch&ved=2ahUKEwjjzoaS077uAhUGgRoKHdUmBJUQ2", "student": 6, "reviewer": null, "lecture": 6, "group": null}}, {"model": "grade.grade", "pk": 32, "fields": {"grade": 90, "repository": "https://www.google.com/search?q=teaching+programming&tbm=isch&ved=2ahUKEwjjzoaS077uAhUGgRoKHdUmBJUQ2", "student": 2, "reviewer": null, "lecture": 6, "group": null}}, {"model": "expertise.expertise", "pk": 1, "fields": {"name": "Javascript", "user": [1]}}, {"model": "expertise.expertise", "pk": 3, "fields": {"name": "django", "user": [1]}}, {"model": "expertise.expertise", "pk": 4, "fields": {"name": "python", "user": [1]}}, {"model": "expertise.expertise", "pk": 5, "fields": {"name": "sass", "user": [1]}}, {"model": "expertise.expertise", "pk": 6, "fields": {"name": "html", "user": [1]}}, {"model": "expertise.expertise", "pk": 7, "fields": {"name": "git", "user": [1, 5, 9, 10]}}, {"model": "expertise.expertise", "pk": 8, "fields": {"name": "react", "user": [4, 7, 8, 10]}}, {"model": "expertise.expertise", "pk": 9, "fields": {"name": "node", "user": [4, 6, 8, 10]}}, {"model": "expertise.expertise", "pk": 10, "fields": {"name": "docker", "user": [1, 2, 3, 5, 11]}}]